"Name","SRX5158494_SRR8347533_TPM","pir","subfam"
"NODE_1119_length_55_cov_11.4545",319.219797,FALSE,"noCluster"
"NODE_1120_length_55_cov_3.72727",478.829696,FALSE,"noCluster"
"NODE_1121_length_55_cov_3.77273",319.219797,FALSE,"noCluster"
"NODE_1122_length_55_cov_4.5",159.609899,FALSE,"noCluster"
"NODE_1123_length_55_cov_8.18182",0,FALSE,"noCluster"
"NODE_1125_length_55_cov_3.95455",319.219797,FALSE,"noCluster"
"NODE_1126_length_55_cov_2.72727",319.219797,FALSE,"noCluster"
"NODE_1127_length_55_cov_3.09091",0,FALSE,"noCluster"
"NODE_1128_length_55_cov_28.5909",638.439594,FALSE,"noCluster"
"NODE_1129_length_55_cov_7.72727",0,FALSE,"noCluster"
"NODE_1130_length_55_cov_1.54545",0,FALSE,"noCluster"
"NODE_1132_length_55_cov_1.54545",0,FALSE,"noCluster"
"NODE_1133_length_55_cov_3.09091",0,FALSE,"noCluster"
"NODE_1134_length_55_cov_15.4545",798.049493,FALSE,"noCluster"
"NODE_1135_length_55_cov_1.54545",0,FALSE,"noCluster"
"NODE_1136_length_55_cov_3.09091",319.219797,FALSE,"noCluster"
"NODE_1137_length_55_cov_1.72727",0,FALSE,"noCluster"
"NODE_1138_length_55_cov_8.59091",0,FALSE,"noCluster"
"NODE_1139_length_55_cov_6",0,FALSE,"noCluster"
"NODE_1140_length_55_cov_5.59091",0,FALSE,"noCluster"
"NODE_1141_length_55_cov_1.5",159.609899,FALSE,"noCluster"
"NODE_1142_length_55_cov_7.18182",0,FALSE,"noCluster"
"NODE_1143_length_55_cov_2.68182",0,FALSE,"noCluster"
"NODE_1144_length_55_cov_56.2727",1276.879189,FALSE,"noCluster"
"NODE_1146_length_55_cov_70.2727",2553.758378,FALSE,"noCluster"
"NODE_1147_length_55_cov_2",319.219797,FALSE,"noCluster"
"NODE_1148_length_55_cov_13.6364",0,FALSE,"noCluster"
"NODE_1149_length_55_cov_30.4545",0,FALSE,"noCluster"
"NODE_1152_length_54_cov_6.09524",0,FALSE,"noCluster"
"NODE_1153_length_54_cov_3.71429",0,FALSE,"noCluster"
"NODE_1154_length_54_cov_2.95238",0,FALSE,"noCluster"
"NODE_1155_length_54_cov_3.04762",333.712604,FALSE,"noCluster"
"NODE_1156_length_54_cov_6.47619",166.856302,FALSE,"noCluster"
"NODE_1157_length_54_cov_4.04762",834.281511,FALSE,"noCluster"
"NODE_1158_length_54_cov_4.85714",0,FALSE,"noCluster"
"NODE_1159_length_54_cov_14.5714",500.568907,FALSE,"noCluster"
"NODE_1160_length_54_cov_3.2381",333.712604,FALSE,"noCluster"
"NODE_1161_length_54_cov_3.2381",0,FALSE,"noCluster"
"NODE_1162_length_54_cov_3.2381",166.856302,FALSE,"noCluster"
"NODE_1163_length_54_cov_0.809524",166.856302,FALSE,"noCluster"
"NODE_1164_length_54_cov_4.85714",500.568907,FALSE,"noCluster"
"NODE_1166_length_54_cov_7.90476",0,FALSE,"noCluster"
"NODE_1168_length_53_cov_8.7",351.901579,FALSE,"noCluster"
"NODE_1169_length_53_cov_33.5",1583.557107,FALSE,"noCluster"
"NODE_1170_length_53_cov_3.85",1055.704738,FALSE,"noCluster"
"NODE_1171_length_53_cov_11.5",527.852369,FALSE,"noCluster"
"NODE_1172_length_53_cov_7.45",1935.458687,FALSE,"noCluster"
"NODE_1173_length_53_cov_1.65",351.901579,FALSE,"noCluster"
"NODE_1174_length_53_cov_1.55",0,FALSE,"noCluster"
"NODE_1175_length_53_cov_0.85",175.95079,FALSE,"noCluster"
"NODE_1176_length_53_cov_14.45",0,FALSE,"noCluster"
"NODE_1177_length_53_cov_2.4",0,FALSE,"noCluster"
"NODE_1178_length_53_cov_37.5",1055.704738,FALSE,"noCluster"
"NODE_1179_length_52_cov_40.6316",0,FALSE,"noCluster"
"NODE_1180_length_52_cov_3.57895",0,FALSE,"noCluster"
"NODE_1181_length_52_cov_0.894737",187.679975,FALSE,"noCluster"
"NODE_1182_length_52_cov_3.57895",0,FALSE,"noCluster"
"NODE_1183_length_52_cov_7.15789",750.719901,FALSE,"noCluster"
"NODE_1186_length_51_cov_6.22222",1408.791745,FALSE,"noCluster"
"NODE_1187_length_51_cov_3.22222",805.023854,FALSE,"noCluster"
"NODE_1188_length_51_cov_4.44444",1006.279818,FALSE,"noCluster"
"NODE_1189_length_51_cov_8.44444",0,FALSE,"noCluster"
"NODE_1190_length_51_cov_2.83333",603.767891,FALSE,"noCluster"
"NODE_1191_length_51_cov_18.3333",0,FALSE,"noCluster"
"NODE_1192_length_51_cov_3.88889",1006.279818,FALSE,"noCluster"
"NODE_1193_length_51_cov_0.722222",201.255964,FALSE,"noCluster"
"NODE_1194_length_51_cov_1.88889",402.511927,FALSE,"noCluster"
"NODE_1195_length_51_cov_4.72222",1006.279818,FALSE,"noCluster"
"NODE_1196_length_51_cov_0.944444",201.255964,FALSE,"noCluster"
"NODE_1197_length_51_cov_1.88889",402.511927,FALSE,"noCluster"
"NODE_1198_length_51_cov_7.55556",0,FALSE,"noCluster"
"NODE_1199_length_51_cov_2",201.255964,FALSE,"noCluster"
"NODE_1201_length_51_cov_2.66667",0,FALSE,"noCluster"
"NODE_1202_length_51_cov_6.38889",1610.047709,FALSE,"noCluster"
"NODE_1203_length_51_cov_4.88889",1006.279818,FALSE,"noCluster"
"NODE_1204_length_51_cov_6.83333",1207.535782,FALSE,"noCluster"
"NODE_1205_length_51_cov_4.88889",0,FALSE,"noCluster"
"NODE_1206_length_51_cov_21",0,FALSE,"noCluster"
"NODE_1207_length_51_cov_5.55556",2012.559636,FALSE,"noCluster"
"NODE_1209_length_50_cov_13.1176",0,FALSE,"noCluster"
"NODE_1211_length_50_cov_6",1295.42439,FALSE,"noCluster"
"NODE_1212_length_50_cov_2",0,FALSE,"noCluster"
"NODE_1213_length_50_cov_44.8235",431.80813,FALSE,"noCluster"
"NODE_1214_length_50_cov_32.4118",647.712195,FALSE,"noCluster"
"NODE_1215_length_50_cov_14.0588",2374.944714,FALSE,"noCluster"
"NODE_1216_length_50_cov_62.1765",1727.23252,FALSE,"noCluster"
"NODE_1217_length_49_cov_6.875",0,FALSE,"noCluster"
"NODE_1218_length_49_cov_10.3125",0,FALSE,"noCluster"
"NODE_1219_length_49_cov_0.875",231.311575,FALSE,"noCluster"
"NODE_1220_length_49_cov_2.3125",0,FALSE,"noCluster"
"NODE_1221_length_49_cov_2.125",0,FALSE,"noCluster"
"NODE_1222_length_49_cov_2.125",0,FALSE,"noCluster"
"NODE_1223_length_49_cov_3.1875",693.934724,FALSE,"noCluster"
"NODE_1224_length_49_cov_2.125",0,FALSE,"noCluster"
"NODE_1225_length_49_cov_5.3125",1156.557873,FALSE,"noCluster"
"NODE_1226_length_49_cov_3.1875",0,FALSE,"noCluster"
"NODE_1227_length_49_cov_5.3125",0,FALSE,"noCluster"
"NODE_1228_length_49_cov_70.4375",0,FALSE,"noCluster"
"NODE_1229_length_49_cov_14",925.246298,FALSE,"noCluster"
"NODE_1230_length_49_cov_1.5625",231.311575,FALSE,"noCluster"
"NODE_1233_length_48_cov_2.13333",0,FALSE,"noCluster"
"NODE_1234_length_48_cov_9.73333",2466.984399,FALSE,"noCluster"
"NODE_1235_length_48_cov_0.933333",246.69844,FALSE,"noCluster"
"NODE_1236_length_48_cov_4",0,FALSE,"noCluster"
"NODE_1237_length_48_cov_4.66667",493.39688,FALSE,"noCluster"
"NODE_1238_length_48_cov_17.9333",0,FALSE,"noCluster"
"NODE_1239_length_48_cov_2",493.39688,FALSE,"noCluster"
"NODE_1240_length_48_cov_9.73333",0,FALSE,"noCluster"
"NODE_1241_length_48_cov_2.93333",0,FALSE,"noCluster"
"NODE_1242_length_48_cov_9.8",0,FALSE,"noCluster"
"NODE_1243_length_48_cov_2.26667",0,FALSE,"noCluster"
"NODE_1244_length_48_cov_2.26667",0,FALSE,"noCluster"
"NODE_1245_length_48_cov_5.66667",1233.492199,FALSE,"noCluster"
"NODE_1246_length_48_cov_1.13333",246.69844,FALSE,"noCluster"
"NODE_1247_length_48_cov_6.8",0,FALSE,"noCluster"
"NODE_1248_length_48_cov_2.26667",986.79376,FALSE,"noCluster"
"NODE_1249_length_48_cov_1.13333",0,FALSE,"noCluster"
"NODE_1250_length_48_cov_3.4",0,FALSE,"noCluster"
"NODE_1251_length_48_cov_4.53333",986.79376,FALSE,"noCluster"
"NODE_1252_length_48_cov_5.66667",1233.492199,FALSE,"noCluster"
"NODE_1253_length_48_cov_4.53333",0,FALSE,"noCluster"
"NODE_1254_length_48_cov_3.8",0,FALSE,"noCluster"
"NODE_1255_length_48_cov_7.6",0,FALSE,"noCluster"
"NODE_1256_length_48_cov_4.6",740.09532,FALSE,"noCluster"
"NODE_1257_length_48_cov_103.6",2466.984399,FALSE,"noCluster"
"NODE_1258_length_48_cov_22.7333",0,FALSE,"noCluster"
"NODE_1259_length_48_cov_9.93333",986.79376,FALSE,"noCluster"
"NODE_1260_length_48_cov_42.4",4193.873478,FALSE,"noCluster"
"NODE_1261_length_48_cov_9.73333",246.69844,FALSE,"noCluster"
"NODE_1262_length_48_cov_13",493.39688,FALSE,"noCluster"
"NODE_1263_length_47_cov_3.21429",784.588996,FALSE,"noCluster"
"NODE_1264_length_47_cov_4",1046.118662,FALSE,"noCluster"
"NODE_1265_length_47_cov_2",0,FALSE,"noCluster"
"NODE_1267_length_47_cov_2",523.059331,FALSE,"noCluster"
"NODE_1268_length_47_cov_3.64286",0,FALSE,"noCluster"
"NODE_1269_length_47_cov_3.64286",0,FALSE,"noCluster"
"NODE_1270_length_47_cov_103",6450.904821,FALSE,"noCluster"
"NODE_1271_length_47_cov_4.5",261.529665,FALSE,"noCluster"
"NODE_1272_length_47_cov_9.71429",0,FALSE,"noCluster"
"NODE_1274_length_46_cov_1",0,FALSE,"noCluster"
"NODE_1275_length_46_cov_2.46154",554.094635,FALSE,"noCluster"
"NODE_1276_length_46_cov_2.53846",277.047317,FALSE,"noCluster"
"NODE_1278_length_46_cov_8.84615",0,FALSE,"noCluster"
"NODE_1279_length_46_cov_2",554.094635,FALSE,"noCluster"
"NODE_1280_length_46_cov_2.61538",0,FALSE,"noCluster"
"NODE_1281_length_46_cov_3.92308",0,FALSE,"noCluster"
"NODE_1282_length_46_cov_5.23077",0,FALSE,"noCluster"
"NODE_1283_length_46_cov_15.6154",1662.283905,FALSE,"noCluster"
"NODE_1286_length_46_cov_228.385",19208.78378,FALSE,"noCluster"
"NODE_1288_length_45_cov_4.91667",0,FALSE,"noCluster"
"NODE_1289_length_45_cov_10.0833",0,FALSE,"noCluster"
"NODE_1290_length_45_cov_3.25",0,FALSE,"noCluster"
"NODE_1291_length_45_cov_8.91667",2065.813231,FALSE,"noCluster"
"NODE_1292_length_45_cov_3",885.348528,FALSE,"noCluster"
"NODE_1293_length_45_cov_15.6667",0,FALSE,"noCluster"
"NODE_1294_length_45_cov_3",885.348528,FALSE,"noCluster"
"NODE_1295_length_45_cov_1.33333",295.116176,FALSE,"noCluster"
"NODE_1296_length_45_cov_12.75",3246.277935,FALSE,"noCluster"
"NODE_1297_length_45_cov_14.1667",590.232352,FALSE,"noCluster"
"NODE_1298_length_45_cov_1.41667",295.116176,FALSE,"noCluster"
"NODE_1299_length_45_cov_4.25",885.348528,FALSE,"noCluster"
"NODE_1300_length_45_cov_2.83333",0,FALSE,"noCluster"
"NODE_1301_length_45_cov_4.25",0,FALSE,"noCluster"
"NODE_1302_length_45_cov_7.08333",1475.580879,FALSE,"noCluster"
"NODE_1304_length_45_cov_5.66667",1180.464704,FALSE,"noCluster"
"NODE_1305_length_45_cov_1.41667",0,FALSE,"noCluster"
"NODE_1306_length_45_cov_4.25",0,FALSE,"noCluster"
"NODE_1308_length_45_cov_197.667",0,FALSE,"noCluster"
"NODE_1310_length_45_cov_5.33333",0,FALSE,"noCluster"
"NODE_1311_length_45_cov_6.33333",0,FALSE,"noCluster"
"NODE_1312_length_45_cov_2.83333",0,FALSE,"noCluster"
"NODE_1313_length_45_cov_5.33333",1180.464704,FALSE,"noCluster"
"NODE_1314_length_44_cov_10.9091",0,FALSE,"noCluster"
"NODE_1315_length_44_cov_52.9091",0,FALSE,"noCluster"
"NODE_1316_length_44_cov_4.36364",0,FALSE,"noCluster"
"NODE_1317_length_44_cov_1.27273",0,FALSE,"noCluster"
"NODE_1318_length_44_cov_1.54545",316.050279,FALSE,"noCluster"
"NODE_1319_length_44_cov_6.18182",0,FALSE,"noCluster"
"NODE_1320_length_44_cov_7.72727",1264.201116,FALSE,"noCluster"
"NODE_1321_length_44_cov_15.4545",0,FALSE,"noCluster"
"NODE_1322_length_44_cov_17",316.050279,FALSE,"noCluster"
"NODE_1323_length_44_cov_6.18182",0,FALSE,"noCluster"
"NODE_1324_length_44_cov_6.18182",0,FALSE,"noCluster"
"NODE_1325_length_44_cov_4.63636",0,FALSE,"noCluster"
"NODE_1327_length_44_cov_13",0,FALSE,"noCluster"
"NODE_1328_length_44_cov_36.8182",0,FALSE,"noCluster"
"NODE_1329_length_44_cov_88.0909",7204.643384,FALSE,"noCluster"
"NODE_1330_length_44_cov_5.81818",0,FALSE,"noCluster"
"NODE_1332_length_44_cov_15.5455",1960.81471,FALSE,"noCluster"
"NODE_1333_length_44_cov_74.5455",0,FALSE,"noCluster"
"NODE_1334_length_44_cov_44.9091",1896.301675,FALSE,"noCluster"
"NODE_1335_length_44_cov_160.182",632.100558,FALSE,"noCluster"
"NODE_1337_length_44_cov_18.1818",0,FALSE,"noCluster"
"NODE_1338_length_44_cov_250.545",5759.962596,FALSE,"noCluster"
"NODE_1339_length_43_cov_8.1",0,FALSE,"noCluster"
"NODE_1340_length_43_cov_46.6",339.035771,FALSE,"noCluster"
"NODE_1342_length_43_cov_7",678.071542,FALSE,"noCluster"
"NODE_1343_length_43_cov_139.2",2712.286169,FALSE,"noCluster"
"NODE_1345_length_43_cov_7",953.616004,FALSE,"noCluster"
"NODE_1347_length_43_cov_56.2",4286.590366,FALSE,"noCluster"
"NODE_1348_length_43_cov_204.1",0,FALSE,"noCluster"
"NODE_1349_length_42_cov_9.66667",1456.862149,FALSE,"noCluster"
"NODE_1350_length_42_cov_3.33333",0,FALSE,"noCluster"
"NODE_1353_length_42_cov_7.77778",0,FALSE,"noCluster"
"NODE_1355_length_42_cov_68.6667",0,FALSE,"noCluster"
"NODE_1356_length_42_cov_3.77778",0,FALSE,"noCluster"
"NODE_1357_length_42_cov_3.77778",0,FALSE,"noCluster"
"NODE_1361_length_42_cov_15.2222",0,FALSE,"noCluster"
"NODE_1364_length_42_cov_11.8889",0,FALSE,"noCluster"
"NODE_1365_length_42_cov_24.6667",0,FALSE,"noCluster"
"NODE_1369_length_42_cov_16",0,FALSE,"noCluster"
"NODE_1373_length_41_cov_1.5",0,FALSE,"noCluster"
"NODE_1374_length_41_cov_2.125",0,FALSE,"noCluster"
"NODE_1375_length_41_cov_3.125",0,FALSE,"noCluster"
"NODE_1376_length_41_cov_3.25",0,FALSE,"noCluster"
"NODE_1377_length_41_cov_7.75",0,FALSE,"noCluster"
"NODE_1378_length_41_cov_5",0,FALSE,"noCluster"
"NODE_1380_length_41_cov_38.25",0,FALSE,"noCluster"
"NODE_1381_length_41_cov_26.875",0,FALSE,"noCluster"
"NODE_1383_length_41_cov_13.125",0,FALSE,"noCluster"
"NODE_1384_length_41_cov_9.25",0,FALSE,"noCluster"
"NODE_1387_length_41_cov_9.875",392.217239,FALSE,"noCluster"
"NODE_1388_length_40_cov_1.71429",0,FALSE,"noCluster"
"NODE_1390_length_40_cov_1",0,FALSE,"noCluster"
"NODE_1395_length_40_cov_52.8571",1280.563142,FALSE,"noCluster"
"NODE_1396_length_40_cov_58.5714",419.714482,FALSE,"noCluster"
"NODE_1397_length_40_cov_10.4286",0,FALSE,"noCluster"
"NODE_1399_length_40_cov_98.1429",0,FALSE,"noCluster"
"NODE_1400_length_40_cov_90.4286",0,FALSE,"noCluster"
"NODE_1401_length_40_cov_10.2857",419.714482,FALSE,"noCluster"
"NODE_1405_length_39_cov_3.16667",0,FALSE,"noCluster"
"NODE_1406_length_39_cov_11",0,FALSE,"noCluster"
"NODE_1408_length_39_cov_15.5",1236.850965,FALSE,"noCluster"
"NODE_1409_length_39_cov_10.8333",0,FALSE,"noCluster"
"NODE_1414_length_38_cov_23.6",0,FALSE,"noCluster"
"NODE_1415_length_38_cov_140",2507.142361,FALSE,"noCluster"
"NODE_1416_length_38_cov_1.2",0,FALSE,"noCluster"
"NODE_1418_length_38_cov_242.2",468.394398,FALSE,"noCluster"
"NODE_1420_length_38_cov_10.4",0,FALSE,"noCluster"
"NODE_1422_length_38_cov_147",0,FALSE,"noCluster"
"NODE_1423_length_38_cov_7",0,FALSE,"noCluster"
"NODE_1427_length_38_cov_73",0,FALSE,"noCluster"
"NODE_1429_length_38_cov_98.6",468.394398,FALSE,"noCluster"
"NODE_1432_length_37_cov_11",0,FALSE,"noCluster"
"NODE_1434_length_37_cov_8.5",0,FALSE,"noCluster"
"NODE_1435_length_37_cov_8",0,FALSE,"noCluster"
"NODE_1437_length_37_cov_2.25",0,FALSE,"noCluster"
"NODE_1439_length_37_cov_1.75",0,FALSE,"noCluster"
"NODE_1440_length_37_cov_30.75",1560.176433,FALSE,"noCluster"
"NODE_1444_length_37_cov_65",0,FALSE,"noCluster"
"NODE_1445_length_37_cov_76",0,FALSE,"noCluster"
"NODE_1447_length_37_cov_50.5",0,FALSE,"noCluster"
"NODE_1448_length_37_cov_20.25",0,FALSE,"noCluster"
"NODE_1452_length_37_cov_182",520.255755,FALSE,"noCluster"
"NODE_1454_length_36_cov_17.3333",0,FALSE,"noCluster"
"NODE_1455_length_36_cov_2",0,FALSE,"noCluster"
"NODE_1456_length_36_cov_13",620.631635,FALSE,"noCluster"
"NODE_1457_length_36_cov_4",0,FALSE,"noCluster"
"NODE_1459_length_36_cov_20.3333",0,FALSE,"noCluster"
"NODE_1460_length_36_cov_6.33333",0,FALSE,"noCluster"
"NODE_1462_length_36_cov_151.667",0,FALSE,"noCluster"
"NODE_1465_length_36_cov_6.66667",0,FALSE,"noCluster"
"NODE_1466_length_36_cov_50.6667",0,FALSE,"noCluster"
"NODE_1468_length_36_cov_13.3333",0,FALSE,"noCluster"
"NODE_1472_length_36_cov_24",0,FALSE,"noCluster"
"NODE_1473_length_36_cov_32.6667",0,FALSE,"noCluster"
"NODE_1476_length_35_cov_14.5",0,FALSE,"noCluster"
"NODE_1478_length_35_cov_28",0,FALSE,"noCluster"
"NODE_1479_length_35_cov_85.5",0,FALSE,"noCluster"
"NODE_1482_length_35_cov_203",0,FALSE,"noCluster"
"NODE_1487_length_35_cov_21",0,FALSE,"noCluster"
"NODE_1488_length_35_cov_7",0,FALSE,"noCluster"
"NODE_1489_length_35_cov_42",0,FALSE,"noCluster"
"NODE_1490_length_35_cov_8",808.237508,FALSE,"noCluster"
"NODE_1492_length_35_cov_27.5",0,FALSE,"noCluster"
"NODE_1493_length_35_cov_25",0,FALSE,"noCluster"
"NODE_1496_length_35_cov_39.5",0,FALSE,"noCluster"
"NODE_1497_length_35_cov_1.5",0,FALSE,"noCluster"
"NODE_1498_length_35_cov_29.5",0,FALSE,"noCluster"
"NODE_1503_length_35_cov_8.5",0,FALSE,"noCluster"
"NODE_1505_length_35_cov_99.5",0,FALSE,"noCluster"
"NODE_1508_length_35_cov_54.5",0,FALSE,"noCluster"
"NODE_1509_length_35_cov_25",0,FALSE,"noCluster"
"NODE_1513_length_35_cov_5.5",0,FALSE,"noCluster"
"NODE_1518_length_35_cov_69.5",0,FALSE,"noCluster"
"NODE_1520_length_35_cov_26.5",0,FALSE,"noCluster"
"NODE_1521_length_35_cov_49.5",0,FALSE,"noCluster"
"NODE_1522_length_35_cov_159.5",0,FALSE,"noCluster"
"NODE_1523_length_35_cov_136.5",1616.475016,FALSE,"noCluster"
"NODE_1525_length_35_cov_43.5",0,FALSE,"noCluster"
"NODE_1529_length_35_cov_15.5",0,FALSE,"noCluster"
"NODE_1554_length_34_cov_18",0,FALSE,"noCluster"
"NODE_1569_length_34_cov_114",0,FALSE,"noCluster"
"NODE_1571_length_34_cov_636",0,FALSE,"noCluster"
"NODE_1572_length_34_cov_45",0,FALSE,"noCluster"
"NODE_1601_length_34_cov_88",0,FALSE,"noCluster"
"NODE_1648_length_34_cov_21",0,FALSE,"noCluster"
"NODE_1_length_5419_cov_300.517",7870.707483,FALSE,"noCluster"
"NODE_2_length_3455_cov_104.2",5.917211,FALSE,"noCluster"
"NODE_3_length_3101_cov_10.3631",2.765641,FALSE,"noCluster"
"NODE_4_length_3021_cov_137.039",3126.559196,FALSE,"noCluster"
"NODE_5_length_2878_cov_10.0366",0,FALSE,"noCluster"
"NODE_6_length_2723_cov_25.4056",1120.227371,FALSE,"noCluster"
"NODE_7_length_2633_cov_7.23346",373.119174,FALSE,"noCluster"
"NODE_8_length_2594_cov_24.6974",0,FALSE,"noCluster"
"NODE_9_length_2549_cov_16.2369",811.077367,TRUE,"unassigned_3"
"NODE_10_length_2530_cov_17.0597",877.551554,FALSE,"noCluster"
"NODE_11_length_2425_cov_7.77676",0,FALSE,"noCluster"
"NODE_12_length_2364_cov_9.34363",495.66452,FALSE,"noCluster"
"NODE_13_length_2288_cov_6.74457",363.928479,FALSE,"noCluster"
"NODE_14_length_2205_cov_73.0032",0,FALSE,"noCluster"
"NODE_15_length_2114_cov_6.95147",0.837327,FALSE,"noCluster"
"NODE_16_length_2099_cov_36.5392",0.843916,FALSE,"noCluster"
"NODE_17_length_2075_cov_9.6905",0,FALSE,"noCluster"
"NODE_18_length_2067_cov_8.10767",424.871872,FALSE,"noCluster"
"NODE_19_length_2063_cov_10.5768",0.860163,FALSE,"noCluster"
"NODE_20_length_2047_cov_23.9573",14.748968,FALSE,"noCluster"
"NODE_21_length_2039_cov_9.80209",513.581635,FALSE,"noCluster"
"NODE_22_length_2003_cov_18.1442",959.771308,FALSE,"noCluster"
"NODE_23_length_1993_cov_6.02245",309.746555,FALSE,"noCluster"
"NODE_24_length_1984_cov_10.5079",572.300891,FALSE,"noCluster"
"NODE_25_length_1975_cov_7.25592",189.554577,FALSE,"noCluster"
"NODE_26_length_1971_cov_9.79412",0,FALSE,"noCluster"
"NODE_27_length_1958_cov_7.03065",0,FALSE,"noCluster"
"NODE_28_length_1914_cov_7.60181",420.585746,FALSE,"noCluster"
"NODE_29_length_1886_cov_116.344",121.611887,FALSE,"noCluster"
"NODE_30_length_1875_cov_6.52009",0,TRUE,"noCluster"
"NODE_31_length_1854_cov_10.017",0,TRUE,"noCluster"
"NODE_32_length_1827_cov_9.96265",0,FALSE,"noCluster"
"NODE_33_length_1817_cov_6.80998",359.537257,FALSE,"noCluster"
"NODE_34_length_1796_cov_10.2836",0,FALSE,"noCluster"
"NODE_35_length_1771_cov_10.7814",537.189012,FALSE,"noCluster"
"NODE_36_length_1733_cov_12.3094",0,FALSE,"noCluster"
"NODE_37_length_1711_cov_7.04648",383.458947,FALSE,"noCluster"
"NODE_38_length_1685_cov_85.9964",0,FALSE,"noCluster"
"NODE_39_length_1676_cov_12.9385",0,FALSE,"noCluster"
"NODE_40_length_1655_cov_22.0937",1180.528359,FALSE,"noCluster"
"NODE_41_length_1629_cov_5.36341",0,FALSE,"noCluster"
"NODE_42_length_1548_cov_14.1452",610.166714,FALSE,"noCluster"
"NODE_43_length_1533_cov_57.424",1.200383,FALSE,"noCluster"
"NODE_44_length_1517_cov_22.1799",0,FALSE,"noCluster"
"NODE_45_length_1506_cov_12.4114",678.687726,FALSE,"noCluster"
"NODE_46_length_1494_cov_6.71253",374.61949,FALSE,"noCluster"
"NODE_47_length_1473_cov_16.884",921.126304,FALSE,"noCluster"
"NODE_48_length_1460_cov_7.22565",46.973225,FALSE,"noCluster"
"NODE_49_length_1420_cov_10.9106",0,FALSE,"noCluster"
"NODE_50_length_1387_cov_9.5997",0,FALSE,"noCluster"
"NODE_51_length_1378_cov_16.887",21.718385,FALSE,"noCluster"
"NODE_52_length_1372_cov_23.1053",0,FALSE,"noCluster"
"NODE_53_length_1362_cov_5.52151",304.091152,FALSE,"noCluster"
"NODE_54_length_1354_cov_62.4194",0,FALSE,"noCluster"
"NODE_55_length_1346_cov_8.75019",0,FALSE,"noCluster"
"NODE_56_length_1344_cov_54.8795",0,FALSE,"noCluster"
"NODE_57_length_1328_cov_24.4533",1332.165875,FALSE,"noCluster"
"NODE_58_length_1328_cov_7.99768",476.17844,FALSE,"noCluster"
"NODE_59_length_1323_cov_47.1605",1.423469,FALSE,"noCluster"
"NODE_60_length_1319_cov_20.0218",0,FALSE,"noCluster"
"NODE_61_length_1315_cov_88.1186",0,FALSE,"noCluster"
"NODE_62_length_1311_cov_10.5603",588.447835,FALSE,"noCluster"
"NODE_63_length_1294_cov_255.818",9601.450719,FALSE,"noCluster"
"NODE_64_length_1288_cov_7.53068",0,FALSE,"noCluster"
"NODE_65_length_1284_cov_6.70823",0,FALSE,"noCluster"
"NODE_66_length_1283_cov_16.5184",933.442001,TRUE,"unassigned_3"
"NODE_67_length_1283_cov_6.5784",2.951415,FALSE,"noCluster"
"NODE_68_length_1266_cov_9.57908",536.673554,FALSE,"noCluster"
"NODE_69_length_1262_cov_6.43694",0,FALSE,"noCluster"
"NODE_70_length_1258_cov_20.8269",1158.437816,FALSE,"noCluster"
"NODE_71_length_1256_cov_13.1047",714.924127,FALSE,"noCluster"
"NODE_72_length_1234_cov_8.60949",482.093283,FALSE,"noCluster"
"NODE_73_length_1227_cov_55.067",2159.216633,FALSE,"noCluster"
"NODE_74_length_1220_cov_8.26453",441.678266,FALSE,"noCluster"
"NODE_75_length_1217_cov_10.6368",0,FALSE,"noCluster"
"NODE_76_length_1206_cov_8.59335",484.303839,FALSE,"noCluster"
"NODE_77_length_1196_cov_8.04385",453.850827,FALSE,"noCluster"
"NODE_78_length_1193_cov_8.17241",463.255038,FALSE,"noCluster"
"NODE_79_length_1190_cov_4.78306",280.72545,FALSE,"noCluster"
"NODE_80_length_1188_cov_85.2061",4809.407866,FALSE,"noCluster"
"NODE_81_length_1184_cov_43.9427",2473.654715,FALSE,"noCluster"
"NODE_82_length_1179_cov_15.9293",892.35618,FALSE,"noCluster"
"NODE_83_length_1176_cov_71.5643",4038.49451,FALSE,"noCluster"
"NODE_84_length_1174_cov_5.75548",0,FALSE,"noCluster"
"NODE_85_length_1171_cov_5.0536",320.718251,FALSE,"noCluster"
"NODE_86_length_1165_cov_10.6634",0,FALSE,"noCluster"
"NODE_87_length_1144_cov_37.7624",2156.541975,FALSE,"noCluster"
"NODE_88_length_1140_cov_8.75881",518.057731,FALSE,"noCluster"
"NODE_89_length_1132_cov_8.23931",489.924143,FALSE,"noCluster"
"NODE_90_length_1128_cov_36.2557",2062.744809,FALSE,"noCluster"
"NODE_91_length_1105_cov_46.5849",0,FALSE,"noCluster"
"NODE_92_length_1103_cov_8.71589",0,FALSE,"noCluster"
"NODE_93_length_1102_cov_11.9186",670.662659,FALSE,"noCluster"
"NODE_94_length_1102_cov_10.8784",617.575905,FALSE,"noCluster"
"NODE_95_length_1098_cov_13.0685",0,FALSE,"noCluster"
"NODE_96_length_1098_cov_8.0939",0,FALSE,"noCluster"
"NODE_97_length_1073_cov_8.23462",5.483626,FALSE,"noCluster"
"NODE_98_length_1065_cov_4.50484",282.230715,FALSE,"noCluster"
"NODE_99_length_1065_cov_8.81395",0,FALSE,"noCluster"
"NODE_100_length_1060_cov_11.702",662.528814,FALSE,"noCluster"
"NODE_101_length_1058_cov_6.81268",407.246577,FALSE,"noCluster"
"NODE_102_length_1054_cov_16.3213",0,FALSE,"noCluster"
"NODE_103_length_1046_cov_5.38993",0,FALSE,"noCluster"
"NODE_104_length_1042_cov_9.48761",568.385836,FALSE,"noCluster"
"NODE_105_length_1033_cov_9.937",620.433944,FALSE,"noCluster"
"NODE_106_length_1032_cov_12.1131",11.503212,FALSE,"noCluster"
"NODE_107_length_1027_cov_4.5996",268.088801,FALSE,"noCluster"
"NODE_108_length_1020_cov_19.3465",23.340265,FALSE,"noCluster"
"NODE_109_length_1018_cov_5.03147",0,TRUE,"noCluster"
"NODE_110_length_1018_cov_9.28629",0,FALSE,"noCluster"
"NODE_111_length_1016_cov_5.12513",314.670584,FALSE,"noCluster"
"NODE_112_length_1013_cov_7.32857",0,FALSE,"noCluster"
"NODE_113_length_1011_cov_5.56339",0,FALSE,"noCluster"
"NODE_114_length_1009_cov_7.16086",0,FALSE,"noCluster"
"NODE_115_length_997_cov_6.09129",0,FALSE,"noCluster"
"NODE_116_length_991_cov_15.6461",0,FALSE,"noCluster"
"NODE_117_length_991_cov_6.80898",408.763378,FALSE,"noCluster"
"NODE_118_length_990_cov_5.89551",365.300956,FALSE,"noCluster"
"NODE_119_length_990_cov_6.76385",421.811601,FALSE,"noCluster"
"NODE_120_length_987_cov_6.01048",350.474326,FALSE,"noCluster"
"NODE_121_length_984_cov_28.592",1714.804066,FALSE,"noCluster"
"NODE_122_length_979_cov_6.21882",370.65986,FALSE,"noCluster"
"NODE_123_length_971_cov_9.10768",6.202583,FALSE,"noCluster"
"NODE_124_length_969_cov_27.8504",1623.04657,FALSE,"noCluster"
"NODE_125_length_969_cov_6.15491",0,FALSE,"noCluster"
"NODE_126_length_955_cov_7.99892",470.739998,FALSE,"noCluster"
"NODE_127_length_954_cov_8.70901",526.315208,FALSE,"noCluster"
"NODE_128_length_951_cov_13.7941",821.245584,FALSE,"noCluster"
"NODE_129_length_950_cov_6.70011",0,FALSE,"noCluster"
"NODE_130_length_942_cov_6.12211",356.498526,FALSE,"noCluster"
"NODE_131_length_942_cov_9.0055",0,FALSE,"noCluster"
"NODE_132_length_939_cov_19.7616",1162.201593,FALSE,"noCluster"
"NODE_133_length_936_cov_9.99557",6.494774,FALSE,"noCluster"
"NODE_134_length_934_cov_10.2919",594.790449,FALSE,"noCluster"
"NODE_135_length_929_cov_5.21317",0,FALSE,"noCluster"
"NODE_136_length_927_cov_9.61186",0,FALSE,"noCluster"
"NODE_137_length_926_cov_13.6573",855.839705,FALSE,"noCluster"
"NODE_138_length_924_cov_5.20202",310.265564,FALSE,"noCluster"
"NODE_139_length_921_cov_9.64077",0,FALSE,"noCluster"
"NODE_140_length_919_cov_11.3815",664.686077,FALSE,"noCluster"
"NODE_141_length_912_cov_20.9841",1259.538958,FALSE,"noCluster"
"NODE_142_length_906_cov_6.58534",424.131524,FALSE,"noCluster"
"NODE_143_length_900_cov_5.39331",330.853305,FALSE,"noCluster"
"NODE_144_length_898_cov_10.0983",590.939555,FALSE,"noCluster"
"NODE_145_length_887_cov_8.09602",491.370477,FALSE,"noCluster"
"NODE_146_length_884_cov_8.44418",2.327848,FALSE,"noCluster"
"NODE_147_length_883_cov_5.81765",0,FALSE,"noCluster"
"NODE_148_length_875_cov_9.45012",0,FALSE,"noCluster"
"NODE_149_length_873_cov_7.52976",0,FALSE,"noCluster"
"NODE_150_length_866_cov_11.1068",705.082818,FALSE,"noCluster"
"NODE_151_length_864_cov_5.37304",330.818506,FALSE,"noCluster"
"NODE_152_length_862_cov_11.1315",12.022012,FALSE,"noCluster"
"NODE_153_length_862_cov_6.78287",0,FALSE,"noCluster"
"NODE_154_length_850_cov_5.91677",0,FALSE,"noCluster"
"NODE_155_length_839_cov_6.65757",0,FALSE,"noCluster"
"NODE_156_length_837_cov_16.6667",0,FALSE,"noCluster"
"NODE_157_length_834_cov_8.82147",537.019141,FALSE,"noCluster"
"NODE_158_length_824_cov_6.74842",0,FALSE,"noCluster"
"NODE_159_length_821_cov_7.77284",0,FALSE,"noCluster"
"NODE_160_length_820_cov_9.50953",613.14724,FALSE,"noCluster"
"NODE_161_length_798_cov_5.79608",366.909357,FALSE,"noCluster"
"NODE_162_length_792_cov_7.01581",2.685397,FALSE,"noCluster"
"NODE_163_length_779_cov_11.3673",716.437939,FALSE,"noCluster"
"NODE_164_length_779_cov_9.74799",598.066765,FALSE,"noCluster"
"NODE_165_length_770_cov_5.19539",331.7471,FALSE,"noCluster"
"NODE_166_length_761_cov_6.34753",413.466967,FALSE,"noCluster"
"NODE_167_length_752_cov_8.04451",0,FALSE,"noCluster"
"NODE_168_length_748_cov_9.93706",0,FALSE,"noCluster"
"NODE_169_length_740_cov_6.02546",376.408749,FALSE,"noCluster"
"NODE_170_length_739_cov_23.7153",1183.948897,FALSE,"noCluster"
"NODE_171_length_736_cov_8.24467",541.204795,FALSE,"noCluster"
"NODE_172_length_735_cov_9.75071",650.261855,FALSE,"noCluster"
"NODE_173_length_729_cov_6.94828",444.154859,FALSE,"noCluster"
"NODE_174_length_721_cov_6.33721",429.559178,FALSE,"noCluster"
"NODE_175_length_718_cov_5.88759",0,FALSE,"noCluster"
"NODE_176_length_717_cov_7.00585",478.88506,FALSE,"noCluster"
"NODE_177_length_713_cov_5.99559",337.179605,FALSE,"noCluster"
"NODE_178_length_710_cov_6.27917",423.142488,FALSE,"noCluster"
"NODE_179_length_709_cov_3.80917",0,FALSE,"noCluster"
"NODE_180_length_704_cov_7.79732",0,FALSE,"noCluster"
"NODE_181_length_701_cov_34.4686",0,FALSE,"noCluster"
"NODE_182_length_700_cov_10.7376",0,FALSE,"noCluster"
"NODE_183_length_696_cov_8.35596",0,FALSE,"noCluster"
"NODE_184_length_693_cov_6.04242",0,FALSE,"noCluster"
"NODE_185_length_689_cov_4.64177",317.821739,FALSE,"noCluster"
"NODE_186_length_688_cov_5.98321",371.707078,FALSE,"noCluster"
"NODE_187_length_681_cov_14.3441",929.541667,FALSE,"noCluster"
"NODE_188_length_679_cov_23.0511",1545.682474,FALSE,"noCluster"
"NODE_189_length_675_cov_5.84891",0,FALSE,"noCluster"
"NODE_190_length_675_cov_7.87383",510.604053,FALSE,"noCluster"
"NODE_191_length_664_cov_4.67829",317.616062,FALSE,"noCluster"
"NODE_192_length_655_cov_9.40836",623.235151,FALSE,"noCluster"
"NODE_193_length_654_cov_13.7971",966.539889,FALSE,"noCluster"
"NODE_194_length_646_cov_5.49592",0,FALSE,"noCluster"
"NODE_195_length_640_cov_8.90774",626.155798,FALSE,"noCluster"
"NODE_196_length_640_cov_4.20923",0,FALSE,"noCluster"
"NODE_197_length_638_cov_4.86281",0,FALSE,"noCluster"
"NODE_198_length_638_cov_4.49587",328.942948,FALSE,"noCluster"
"NODE_199_length_633_cov_35.7983",0,FALSE,"noCluster"
"NODE_200_length_632_cov_3.51252",0,FALSE,"noCluster"
"NODE_201_length_631_cov_5.48662",389.272679,FALSE,"noCluster"
"NODE_202_length_624_cov_7.67174",7.463986,FALSE,"noCluster"
"NODE_203_length_623_cov_6.72203",0,FALSE,"noCluster"
"NODE_204_length_622_cov_4.22071",296.201603,FALSE,"noCluster"
"NODE_205_length_617_cov_260.5",16752.660376,FALSE,"noCluster"
"NODE_206_length_615_cov_5.65292",421.062821,FALSE,"noCluster"
"NODE_207_length_610_cov_29.5685",3.85708,FALSE,"noCluster"
"NODE_208_length_609_cov_4.58507",0,FALSE,"noCluster"
"NODE_209_length_598_cov_10.7062",754.537219,FALSE,"noCluster"
"NODE_210_length_597_cov_4.28014",0,FALSE,"noCluster"
"NODE_211_length_591_cov_4.2043",299.028756,FALSE,"noCluster"
"NODE_212_length_583_cov_53.6636",0,FALSE,"noCluster"
"NODE_213_length_583_cov_22.3509",0,FALSE,"noCluster"
"NODE_214_length_582_cov_6.17668",4.13413,FALSE,"noCluster"
"NODE_215_length_579_cov_9.82967",699.906192,FALSE,"noCluster"
"NODE_216_length_574_cov_4.122",0,FALSE,"noCluster"
"NODE_217_length_572_cov_5.29499",0,FALSE,"noCluster"
"NODE_218_length_566_cov_5.97561",469.918303,FALSE,"noCluster"
"NODE_219_length_564_cov_7.34087",615.484604,FALSE,"noCluster"
"NODE_220_length_561_cov_3.88447",310.236544,FALSE,"noCluster"
"NODE_221_length_556_cov_9.8566",753.005311,FALSE,"noCluster"
"NODE_222_length_550_cov_13.3404",13.510647,FALSE,"noCluster"
"NODE_223_length_546_cov_7.423",537.416255,FALSE,"noCluster"
"NODE_224_length_543_cov_2.96078",234.262513,FALSE,"noCluster"
"NODE_225_length_542_cov_3.40668",0,FALSE,"noCluster"
"NODE_226_length_537_cov_6.44643",0,FALSE,"noCluster"
"NODE_227_length_537_cov_5.7123",457.982579,FALSE,"noCluster"
"NODE_228_length_534_cov_4.37126",0,FALSE,"noCluster"
"NODE_229_length_531_cov_21.3293",4.755852,FALSE,"noCluster"
"NODE_230_length_529_cov_24.3024",0,FALSE,"noCluster"
"NODE_231_length_529_cov_5.1996",400.420374,FALSE,"noCluster"
"NODE_232_length_527_cov_14.9777",0,FALSE,"noCluster"
"NODE_233_length_526_cov_7.36105",603.393944,FALSE,"noCluster"
"NODE_234_length_524_cov_4.84725",0,FALSE,"noCluster"
"NODE_235_length_517_cov_38.5826",2961.308322,FALSE,"noCluster"
"NODE_236_length_515_cov_6.34025",484.11951,FALSE,"noCluster"
"NODE_237_length_507_cov_10.9325",885.343723,FALSE,"noCluster"
"NODE_238_length_506_cov_3.49683",256.691423,FALSE,"noCluster"
"NODE_239_length_505_cov_3.67161",0,FALSE,"noCluster"
"NODE_240_length_503_cov_9.64681",793.048876,FALSE,"noCluster"
"NODE_241_length_499_cov_5.44635",467.3387,FALSE,"noCluster"
"NODE_242_length_494_cov_4.54881",0,FALSE,"noCluster"
"NODE_243_length_493_cov_5.30217",0,FALSE,"noCluster"
"NODE_244_length_486_cov_6.22075",520.882067,FALSE,"noCluster"
"NODE_245_length_483_cov_4.36",0,FALSE,"noCluster"
"NODE_246_length_476_cov_5.86456",468.751939,FALSE,"noCluster"
"NODE_247_length_464_cov_7.96752",651.698512,FALSE,"noCluster"
"NODE_248_length_461_cov_3.64486",0,FALSE,"noCluster"
"NODE_249_length_461_cov_7.06075",606.858121,FALSE,"noCluster"
"NODE_250_length_460_cov_4.85012",0,FALSE,"noCluster"
"NODE_251_length_452_cov_3.7327",315.983721,FALSE,"noCluster"
"NODE_252_length_448_cov_4.82892",62.903705,FALSE,"noCluster"
"NODE_253_length_447_cov_5.07005",348.54208,FALSE,"noCluster"
"NODE_254_length_445_cov_6.04612",0,FALSE,"noCluster"
"NODE_255_length_444_cov_5.12895",446.999719,FALSE,"noCluster"
"NODE_256_length_440_cov_4.83538",0,FALSE,"noCluster"
"NODE_257_length_436_cov_3.65012",309.240054,FALSE,"noCluster"
"NODE_258_length_435_cov_4.81592",468.845785,FALSE,"noCluster"
"NODE_259_length_434_cov_4.45387",477.194422,FALSE,"noCluster"
"NODE_260_length_431_cov_6.26633",562.891054,FALSE,"noCluster"
"NODE_261_length_431_cov_5.3995",0,FALSE,"noCluster"
"NODE_262_length_430_cov_5.64232",531.291183,FALSE,"noCluster"
"NODE_263_length_429_cov_3.2197",0,FALSE,"noCluster"
"NODE_264_length_425_cov_3.85459",356.100813,FALSE,"noCluster"
"NODE_265_length_423_cov_5.78205",0,FALSE,"noCluster"
"NODE_266_length_418_cov_9.28312",981.680692,FALSE,"noCluster"
"NODE_267_length_418_cov_8.21039",652.11646,FALSE,"noCluster"
"NODE_268_length_416_cov_4.96867",0,FALSE,"noCluster"
"NODE_269_length_414_cov_31.7769",21.32231,FALSE,"noCluster"
"NODE_270_length_408_cov_4.4",470.948744,FALSE,"noCluster"
"NODE_271_length_405_cov_6.62634",578.751156,FALSE,"noCluster"
"NODE_272_length_405_cov_3.63978",344.320308,FALSE,"noCluster"
"NODE_273_length_403_cov_6.03514",538.363391,FALSE,"noCluster"
"NODE_274_length_398_cov_4.47123",382.46336,FALSE,"noCluster"
"NODE_275_length_394_cov_3.64543",349.508837,FALSE,"noCluster"
"NODE_276_length_387_cov_5.94068",543.935355,FALSE,"noCluster"
"NODE_277_length_384_cov_5.90598",0,FALSE,"noCluster"
"NODE_278_length_380_cov_4.55331",0,FALSE,"noCluster"
"NODE_279_length_379_cov_5.15607",382.477307,FALSE,"noCluster"
"NODE_280_length_377_cov_4.32267",0,FALSE,"noCluster"
"NODE_281_length_375_cov_70.1316",1595.958386,FALSE,"noCluster"
"NODE_282_length_374_cov_6.81525",0,FALSE,"noCluster"
"NODE_283_length_372_cov_7.20649",0,FALSE,"noCluster"
"NODE_284_length_369_cov_4.88393",0,FALSE,"noCluster"
"NODE_285_length_368_cov_4.11343",436.353481,FALSE,"noCluster"
"NODE_286_length_367_cov_5.34132",504.468433,FALSE,"noCluster"
"NODE_287_length_366_cov_5.98799",529.773663,FALSE,"noCluster"
"NODE_288_length_365_cov_7.07831",0,FALSE,"noCluster"
"NODE_289_length_359_cov_8.09816",0,FALSE,"noCluster"
"NODE_290_length_358_cov_4.01231",363.721923,FALSE,"noCluster"
"NODE_291_length_358_cov_5.61231",490.601664,FALSE,"noCluster"
"NODE_292_length_357_cov_3.47222",339.285442,FALSE,"noCluster"
"NODE_293_length_357_cov_7.15741",695.535156,FALSE,"noCluster"
"NODE_294_length_357_cov_7.9537",712.499428,FALSE,"noCluster"
"NODE_295_length_357_cov_4.15123",0,FALSE,"noCluster"
"NODE_296_length_356_cov_4.33127",399.717734,FALSE,"noCluster"
"NODE_297_length_356_cov_21.4706",1093.251075,FALSE,"noCluster"
"NODE_298_length_353_cov_2.16562",0,FALSE,"noCluster"
"NODE_299_length_348_cov_5.50476",0,FALSE,"noCluster"
"NODE_300_length_345_cov_3.8141",0,FALSE,"noCluster"
"NODE_301_length_343_cov_5.1129",483.691374,FALSE,"noCluster"
"NODE_302_length_342_cov_12.0065",44.074352,FALSE,"noCluster"
"NODE_303_length_342_cov_5.80583",0,FALSE,"noCluster"
"NODE_304_length_342_cov_3.26214",0,FALSE,"noCluster"
"NODE_305_length_341_cov_3.8961",0,FALSE,"noCluster"
"NODE_306_length_341_cov_75.9318",0,FALSE,"noCluster"
"NODE_307_length_339_cov_2.44118",0,FALSE,"noCluster"
"NODE_308_length_336_cov_4.37624",438.314648,FALSE,"noCluster"
"NODE_309_length_335_cov_1.90728",170.417089,FALSE,"noCluster"
"NODE_310_length_335_cov_3.19205",0,FALSE,"noCluster"
"NODE_311_length_330_cov_8.31313",446.983547,FALSE,"noCluster"
"NODE_312_length_328_cov_5.80678",559.439586,FALSE,"noCluster"
"NODE_313_length_326_cov_3.05119",267.989517,FALSE,"noCluster"
"NODE_314_length_325_cov_4.94521",538.109273,FALSE,"noCluster"
"NODE_315_length_323_cov_2.36897",0,FALSE,"noCluster"
"NODE_316_length_323_cov_2.87241",0,FALSE,"noCluster"
"NODE_317_length_320_cov_3.65854",331.469304,FALSE,"noCluster"
"NODE_318_length_319_cov_5.11189",0,FALSE,"noCluster"
"NODE_319_length_319_cov_4.66783",0,FALSE,"noCluster"
"NODE_320_length_317_cov_6.33099",0,FALSE,"noCluster"
"NODE_321_length_317_cov_3.69014",335.835031,FALSE,"noCluster"
"NODE_322_length_315_cov_4.03901",0,FALSE,"noCluster"
"NODE_323_length_315_cov_3.37589",271.255329,FALSE,"noCluster"
"NODE_324_length_315_cov_4.4539",387.507613,FALSE,"noCluster"
"NODE_325_length_313_cov_5.30357",489.03579,FALSE,"noCluster"
"NODE_326_length_313_cov_5.20714",567.281516,FALSE,"noCluster"
"NODE_327_length_310_cov_3.98195",0,FALSE,"noCluster"
"NODE_328_length_310_cov_4.23466",0,FALSE,"noCluster"
"NODE_329_length_309_cov_5.39855",0,FALSE,"noCluster"
"NODE_330_length_308_cov_3.46182",311.021563,FALSE,"noCluster"
"NODE_331_length_307_cov_3.90511",373.204851,FALSE,"noCluster"
"NODE_332_length_307_cov_7.29562",647.974353,FALSE,"noCluster"
"NODE_333_length_307_cov_11.438",1038.921611,FALSE,"noCluster"
"NODE_334_length_307_cov_4.9854",0,FALSE,"noCluster"
"NODE_335_length_307_cov_4.20073",360.738717,FALSE,"noCluster"
"NODE_336_length_306_cov_13.619",0,FALSE,"noCluster"
"NODE_337_length_306_cov_8.99634",0,FALSE,"noCluster"
"NODE_338_length_305_cov_5.47794",0,FALSE,"noCluster"
"NODE_339_length_305_cov_2.70221",0,FALSE,"noCluster"
"NODE_340_length_304_cov_3.631",389.633729,FALSE,"noCluster"
"NODE_341_length_304_cov_3.63838",0,FALSE,"noCluster"
"NODE_342_length_302_cov_3.85502",0,FALSE,"noCluster"
"NODE_343_length_301_cov_3.75",417.319854,FALSE,"noCluster"
"NODE_344_length_301_cov_2.28358",0,FALSE,"noCluster"
"NODE_345_length_300_cov_3.85768",0,FALSE,"noCluster"
"NODE_346_length_299_cov_3.58271",0,FALSE,"noCluster"
"NODE_347_length_299_cov_4.54887",0,FALSE,"noCluster"
"NODE_348_length_298_cov_3.59245",0,FALSE,"noCluster"
"NODE_349_length_298_cov_4.87547",10.616191,FALSE,"noCluster"
"NODE_350_length_297_cov_1348.95",113669.415194,FALSE,"noCluster"
"NODE_351_length_297_cov_9.50379",0,FALSE,"noCluster"
"NODE_352_length_297_cov_3.1553",341.734431,FALSE,"noCluster"
"NODE_353_length_296_cov_6.38783",623.131561,FALSE,"noCluster"
"NODE_354_length_296_cov_4.6692",0,FALSE,"noCluster"
"NODE_355_length_296_cov_5.19392",0,FALSE,"noCluster"
"NODE_356_length_293_cov_4.35769",404.801688,FALSE,"noCluster"
"NODE_357_length_292_cov_7.34749",0,FALSE,"noCluster"
"NODE_358_length_292_cov_3.98069",484.326962,FALSE,"noCluster"
"NODE_359_length_292_cov_4.6332",0,FALSE,"noCluster"
"NODE_360_length_289_cov_2.65625",0,FALSE,"noCluster"
"NODE_361_length_288_cov_3.61961",0,FALSE,"noCluster"
"NODE_362_length_287_cov_4.8189",0,FALSE,"noCluster"
"NODE_363_length_287_cov_4.26378",386.163844,FALSE,"noCluster"
"NODE_364_length_287_cov_26.0866",2407.845148,FALSE,"noCluster"
"NODE_365_length_287_cov_5.11811",0,FALSE,"noCluster"
"NODE_366_length_287_cov_3.77165",0,FALSE,"noCluster"
"NODE_367_length_284_cov_2.98406",324.165905,FALSE,"noCluster"
"NODE_368_length_283_cov_5.032",559.35063,FALSE,"noCluster"
"NODE_369_length_283_cov_3.464",349.594144,FALSE,"noCluster"
"NODE_370_length_281_cov_5.70565",743.780356,FALSE,"noCluster"
"NODE_371_length_278_cov_5.86122",0,FALSE,"noCluster"
"NODE_372_length_278_cov_4.35102",12.043592,FALSE,"noCluster"
"NODE_373_length_278_cov_4.42449",421.525718,FALSE,"noCluster"
"NODE_374_length_277_cov_4.09426",472.752767,FALSE,"noCluster"
"NODE_375_length_277_cov_4.63115",603.633773,FALSE,"noCluster"
"NODE_376_length_276_cov_10.4609",0,FALSE,"noCluster"
"NODE_377_length_276_cov_4.09053",451.443585,FALSE,"noCluster"
"NODE_378_length_276_cov_3.95062",561.254186,FALSE,"noCluster"
"NODE_379_length_275_cov_3.54959",417.559094,FALSE,"noCluster"
"NODE_380_length_275_cov_5.6281",0,FALSE,"noCluster"
"NODE_381_length_274_cov_5.3029",568.699489,FALSE,"noCluster"
"NODE_382_length_272_cov_18.4059",0,FALSE,"noCluster"
"NODE_383_length_271_cov_4.64706",507.903121,FALSE,"noCluster"
"NODE_384_length_270_cov_13.9198",0,FALSE,"noCluster"
"NODE_385_length_266_cov_5.73391",575.424513,FALSE,"noCluster"
"NODE_386_length_264_cov_7.85281",780.439989,FALSE,"noCluster"
"NODE_387_length_264_cov_4.13853",0,FALSE,"noCluster"
"NODE_388_length_264_cov_17.2424",1645.171579,FALSE,"noCluster"
"NODE_389_length_264_cov_3.66234",411.292895,FALSE,"noCluster"
"NODE_390_length_264_cov_4.1039",0,FALSE,"noCluster"
"NODE_391_length_263_cov_3.79565",439.591135,FALSE,"noCluster"
"NODE_392_length_262_cov_3.56332",375.79818,FALSE,"noCluster"
"NODE_393_length_261_cov_10.3509",827.261705,FALSE,"noCluster"
"NODE_394_length_260_cov_4.78855",40.983689,FALSE,"noCluster"
"NODE_395_length_259_cov_5.94248",0,FALSE,"noCluster"
"NODE_396_length_258_cov_6.12",0,FALSE,"noCluster"
"NODE_397_length_257_cov_3.11161",377.155923,FALSE,"noCluster"
"NODE_398_length_257_cov_4.47768",488.905826,FALSE,"noCluster"
"NODE_399_length_256_cov_5.77578",619.33012,FALSE,"noCluster"
"NODE_400_length_256_cov_2.18834",267.438006,FALSE,"noCluster"
"NODE_401_length_255_cov_5.59009",538.968446,FALSE,"noCluster"
"NODE_402_length_255_cov_6.0045",0,FALSE,"noCluster"
"NODE_403_length_254_cov_2.75113",0,FALSE,"noCluster"
"NODE_404_length_253_cov_7.67273",1065.510398,FALSE,"noCluster"
"NODE_405_length_253_cov_3.71364",0,FALSE,"noCluster"
"NODE_406_length_252_cov_3.88128",0,FALSE,"noCluster"
"NODE_407_length_252_cov_5.379",0,FALSE,"noCluster"
"NODE_408_length_252_cov_4.19635",43.52543,FALSE,"noCluster"
"NODE_409_length_250_cov_3.29032",412.619074,FALSE,"noCluster"
"NODE_410_length_249_cov_8.18519",0,FALSE,"noCluster"
"NODE_411_length_249_cov_4.46759",534.651301,FALSE,"noCluster"
"NODE_412_length_249_cov_3.62037",0,FALSE,"noCluster"
"NODE_413_length_247_cov_4.28972",0,FALSE,"noCluster"
"NODE_414_length_246_cov_5.26761",608.491193,FALSE,"noCluster"
"NODE_415_length_246_cov_2.93897",425.943835,FALSE,"noCluster"
"NODE_416_length_246_cov_4.70892",0,FALSE,"noCluster"
"NODE_417_length_245_cov_3.40566",0,FALSE,"noCluster"
"NODE_418_length_243_cov_4.50476",639.386484,FALSE,"noCluster"
"NODE_419_length_242_cov_4.47368",0,FALSE,"noCluster"
"NODE_420_length_241_cov_8.82212",0,FALSE,"noCluster"
"NODE_421_length_240_cov_1.74879",240.002504,FALSE,"noCluster"
"NODE_422_length_239_cov_3.8301",0,FALSE,"noCluster"
"NODE_423_length_237_cov_3.06373",426.636243,FALSE,"noCluster"
"NODE_424_length_237_cov_6.86765",820.454313,FALSE,"noCluster"
"NODE_425_length_236_cov_3.76847",496.564177,FALSE,"noCluster"
"NODE_426_length_236_cov_2.51232",347.594924,FALSE,"noCluster"
"NODE_427_length_236_cov_4.27094",446.907759,FALSE,"noCluster"
"NODE_428_length_235_cov_3.95545",484.299917,FALSE,"noCluster"
"NODE_429_length_235_cov_5.20297",634.599891,FALSE,"noCluster"
"NODE_430_length_235_cov_2.41584",0,FALSE,"noCluster"
"NODE_431_length_234_cov_4.73632",589.811593,FALSE,"noCluster"
"NODE_432_length_234_cov_3.97015",775.619867,FALSE,"noCluster"
"NODE_433_length_232_cov_6.14573",686.495078,FALSE,"noCluster"
"NODE_434_length_232_cov_14.7085",1441.639665,FALSE,"noCluster"
"NODE_435_length_232_cov_2.80402",326.085162,FALSE,"noCluster"
"NODE_436_length_232_cov_3.11558",0,FALSE,"noCluster"
"NODE_437_length_231_cov_5.40909",0,FALSE,"noCluster"
"NODE_438_length_231_cov_3.25253",0,FALSE,"noCluster"
"NODE_439_length_229_cov_4.07653",529.185552,FALSE,"noCluster"
"NODE_440_length_228_cov_2.61538",320.433061,FALSE,"noCluster"
"NODE_441_length_228_cov_3.31795",587.460611,FALSE,"noCluster"
"NODE_442_length_228_cov_2.78974",445.045918,FALSE,"noCluster"
"NODE_443_length_227_cov_3.93299",538.979262,FALSE,"noCluster"
"NODE_444_length_226_cov_4.12435",0,FALSE,"noCluster"
"NODE_445_length_226_cov_2.71503",0,FALSE,"noCluster"
"NODE_446_length_226_cov_4.05181",507.697511,FALSE,"noCluster"
"NODE_447_length_225_cov_3.09896",0,FALSE,"noCluster"
"NODE_448_length_225_cov_5.09896",0,FALSE,"noCluster"
"NODE_449_length_224_cov_2.72251",0,FALSE,"noCluster"
"NODE_450_length_223_cov_4.38947",857.929446,FALSE,"noCluster"
"NODE_451_length_222_cov_2.51852",0,FALSE,"noCluster"
"NODE_452_length_221_cov_8.54787",0,FALSE,"noCluster"
"NODE_453_length_220_cov_3.45455",0,FALSE,"noCluster"
"NODE_454_length_220_cov_3.62567",0,FALSE,"noCluster"
"NODE_455_length_220_cov_2.63636",383.916637,FALSE,"noCluster"
"NODE_456_length_219_cov_4.46237",0,FALSE,"noCluster"
"NODE_457_length_219_cov_3.39247",0,FALSE,"noCluster"
"NODE_458_length_219_cov_4.01613",523.409893,FALSE,"noCluster"
"NODE_459_length_218_cov_3.32973",509.07172,FALSE,"noCluster"
"NODE_460_length_218_cov_3.21622",0,FALSE,"noCluster"
"NODE_461_length_217_cov_2.67391",0,FALSE,"noCluster"
"NODE_462_length_216_cov_2.21858",373.4796,FALSE,"noCluster"
"NODE_463_length_216_cov_2.44262",0,FALSE,"noCluster"
"NODE_464_length_216_cov_3.34426",0,FALSE,"noCluster"
"NODE_465_length_216_cov_3.4153",0,FALSE,"noCluster"
"NODE_466_length_215_cov_2.70879",403.432723,FALSE,"noCluster"
"NODE_467_length_215_cov_4.2033",645.492357,FALSE,"noCluster"
"NODE_468_length_215_cov_2.87363",0,FALSE,"noCluster"
"NODE_469_length_215_cov_4.68132",1089.268352,FALSE,"noCluster"
"NODE_470_length_215_cov_5.57692",0,FALSE,"noCluster"
"NODE_471_length_214_cov_2.44199",0,FALSE,"noCluster"
"NODE_472_length_214_cov_2.44199",346.390024,FALSE,"noCluster"
"NODE_473_length_214_cov_4.17127",733.531815,FALSE,"noCluster"
"NODE_474_length_214_cov_4.60221",713.155932,FALSE,"noCluster"
"NODE_475_length_213_cov_3.4",0,FALSE,"noCluster"
"NODE_476_length_213_cov_3.96667",679.218836,FALSE,"noCluster"
"NODE_477_length_213_cov_5.31111",0,FALSE,"noCluster"
"NODE_478_length_213_cov_2.83889",0,FALSE,"noCluster"
"NODE_479_length_212_cov_42.5922",1644.742361,FALSE,"noCluster"
"NODE_480_length_212_cov_2.58659",394.934514,FALSE,"noCluster"
"NODE_481_length_212_cov_3.60894",489.08296,FALSE,"noCluster"
"NODE_482_length_212_cov_3.12291",665.152865,FALSE,"noCluster"
"NODE_483_length_212_cov_5.24581",0,FALSE,"noCluster"
"NODE_484_length_211_cov_6.20787",0,FALSE,"noCluster"
"NODE_485_length_211_cov_3.70787",629.550471,FALSE,"noCluster"
"NODE_486_length_211_cov_4.60674",839.400628,FALSE,"noCluster"
"NODE_487_length_211_cov_3.13483",0,FALSE,"noCluster"
"NODE_488_length_211_cov_4.74719",0,FALSE,"noCluster"
"NODE_489_length_210_cov_7.97175",0,FALSE,"noCluster"
"NODE_490_length_210_cov_4.50847",741.472023,FALSE,"noCluster"
"NODE_491_length_209_cov_2.89773",0,FALSE,"noCluster"
"NODE_492_length_209_cov_3.09091",0,FALSE,"noCluster"
"NODE_493_length_209_cov_2.64773",278.132032,FALSE,"noCluster"
"NODE_494_length_209_cov_5.11932",0,FALSE,"noCluster"
"NODE_495_length_208_cov_3.01143",0,FALSE,"noCluster"
"NODE_496_length_208_cov_6.09714",0,FALSE,"noCluster"
"NODE_497_length_207_cov_6.00575",1092.300696,FALSE,"noCluster"
"NODE_498_length_207_cov_2.34483",371.382237,FALSE,"noCluster"
"NODE_499_length_206_cov_6.12717",0,FALSE,"noCluster"
"NODE_500_length_205_cov_2.75",446.111042,FALSE,"noCluster"
"NODE_501_length_205_cov_4.5407",22.305552,FALSE,"noCluster"
"NODE_502_length_205_cov_6.39535",999.255959,FALSE,"noCluster"
"NODE_503_length_205_cov_6.47674",878.343589,FALSE,"noCluster"
"NODE_504_length_205_cov_6.22674",44.611104,FALSE,"noCluster"
"NODE_505_length_204_cov_2.98246",450.852439,FALSE,"noCluster"
"NODE_506_length_204_cov_5.33333",0,FALSE,"noCluster"
"NODE_507_length_204_cov_5.80702",1005.75269,FALSE,"noCluster"
"NODE_508_length_203_cov_4.7",0,FALSE,"noCluster"
"NODE_509_length_203_cov_5.99412",736.153022,FALSE,"noCluster"
"NODE_510_length_203_cov_1.68235",250.686644,FALSE,"noCluster"
"NODE_511_length_202_cov_3.01775",345.666424,FALSE,"noCluster"
"NODE_512_length_202_cov_2.70414",368.710852,FALSE,"noCluster"
"NODE_513_length_202_cov_4.4142",0,FALSE,"noCluster"
"NODE_514_length_202_cov_3.74556",138.266569,FALSE,"noCluster"
"NODE_515_length_202_cov_4.12426",0,FALSE,"noCluster"
"NODE_516_length_201_cov_4.25",582.575413,FALSE,"noCluster"
"NODE_517_length_200_cov_4.09581",0,FALSE,"noCluster"
"NODE_518_length_200_cov_3.66467",0,FALSE,"noCluster"
"NODE_519_length_200_cov_3.76647",0,FALSE,"noCluster"
"NODE_520_length_199_cov_3.57831",548.273874,FALSE,"noCluster"
"NODE_521_length_198_cov_7.8303",0,FALSE,"noCluster"
"NODE_522_length_198_cov_4.3697",0,FALSE,"noCluster"
"NODE_523_length_198_cov_4.22424",0,FALSE,"noCluster"
"NODE_524_length_197_cov_4.18293",585.319905,FALSE,"noCluster"
"NODE_525_length_196_cov_3.52761",0,FALSE,"noCluster"
"NODE_526_length_196_cov_2.48466",0,FALSE,"noCluster"
"NODE_527_length_196_cov_3.73006",493.291026,FALSE,"noCluster"
"NODE_528_length_196_cov_4.69939",739.936539,FALSE,"noCluster"
"NODE_529_length_196_cov_4.46626",739.936539,FALSE,"noCluster"
"NODE_530_length_195_cov_2.2037",0,FALSE,"noCluster"
"NODE_531_length_195_cov_6.56173",0,FALSE,"noCluster"
"NODE_532_length_195_cov_2.7284",399.113806,FALSE,"noCluster"
"NODE_533_length_195_cov_4.66049",898.006062,FALSE,"noCluster"
"NODE_534_length_194_cov_5.2795",0,FALSE,"noCluster"
"NODE_535_length_194_cov_4.32298",0,FALSE,"noCluster"
"NODE_536_length_194_cov_3.58385",479.526194,FALSE,"noCluster"
"NODE_537_length_194_cov_3.86335",0,FALSE,"noCluster"
"NODE_538_length_193_cov_3.71875",0,FALSE,"noCluster"
"NODE_539_length_193_cov_5.35625",0,FALSE,"noCluster"
"NODE_540_length_192_cov_3.84906",0,FALSE,"noCluster"
"NODE_541_length_192_cov_3.20755",395.68752,FALSE,"noCluster"
"NODE_542_length_192_cov_2.44654",387.93499,FALSE,"noCluster"
"NODE_543_length_192_cov_5.02516",0,FALSE,"noCluster"
"NODE_544_length_192_cov_3.73585",674.636517,FALSE,"noCluster"
"NODE_545_length_191_cov_2.36709",340.304387,FALSE,"noCluster"
"NODE_546_length_191_cov_1.89873",0,FALSE,"noCluster"
"NODE_547_length_191_cov_5.07595",706.786035,FALSE,"noCluster"
"NODE_548_length_191_cov_2.13291",418.836169,FALSE,"noCluster"
"NODE_549_length_190_cov_5.53503",980.376002,FALSE,"noCluster"
"NODE_550_length_190_cov_2.92357",0,FALSE,"noCluster"
"NODE_551_length_190_cov_4.33121",0,FALSE,"noCluster"
"NODE_552_length_190_cov_5.84713",1006.872651,FALSE,"noCluster"
"NODE_553_length_189_cov_3.05128",0,FALSE,"noCluster"
"NODE_554_length_189_cov_4.5",0,FALSE,"noCluster"
"NODE_555_length_189_cov_3.46154",0,FALSE,"noCluster"
"NODE_556_length_188_cov_4.05806",0,FALSE,"noCluster"
"NODE_557_length_188_cov_435.187",54285.85839,FALSE,"noCluster"
"NODE_558_length_188_cov_6.3871",0,FALSE,"noCluster"
"NODE_559_length_188_cov_2.12903",0,FALSE,"noCluster"
"NODE_560_length_187_cov_4.05844",0,FALSE,"noCluster"
"NODE_561_length_187_cov_3.2013",55.00005,FALSE,"noCluster"
"NODE_562_length_186_cov_4.77778",0,FALSE,"noCluster"
"NODE_563_length_186_cov_3",0,FALSE,"noCluster"
"NODE_564_length_185_cov_4.75658",0,FALSE,"noCluster"
"NODE_565_length_185_cov_1.55921",310.369748,FALSE,"noCluster"
"NODE_566_length_185_cov_3.76316",0,FALSE,"noCluster"
"NODE_567_length_184_cov_3.2649",0,FALSE,"noCluster"
"NODE_568_length_184_cov_5.37748",0,FALSE,"noCluster"
"NODE_569_length_171_cov_12.7899",2320.018429,FALSE,"noCluster"
"NODE_570_length_166_cov_11.0526",1337.474203,FALSE,"noCluster"
"NODE_571_length_144_cov_2.01802",0,FALSE,"noCluster"
"NODE_572_length_129_cov_13.125",972.200887,FALSE,"noCluster"
"NODE_573_length_126_cov_9.37634",877.121143,FALSE,"noCluster"
"NODE_574_length_125_cov_51.3043",0,FALSE,"noCluster"
"NODE_575_length_123_cov_6.1",1578.193921,FALSE,"noCluster"
"NODE_576_length_117_cov_11.7262",0,FALSE,"noCluster"
"NODE_577_length_114_cov_22.2469",9365.469345,FALSE,"noCluster"
"NODE_578_length_111_cov_6.53846",1253.789503,FALSE,"noCluster"
"NODE_579_length_105_cov_76.6389",11794.126339,FALSE,"noCluster"
"NODE_580_length_105_cov_6.56944",0,FALSE,"noCluster"
"NODE_581_length_100_cov_27.4627",2633.604104,FALSE,"noCluster"
"NODE_582_length_99_cov_5.98485",1751.237423,FALSE,"noCluster"
"NODE_583_length_96_cov_7.69841",1761.411294,FALSE,"noCluster"
"NODE_584_length_90_cov_29.4035",4183.783213,FALSE,"noCluster"
"NODE_585_length_89_cov_81.6607",5775.826344,FALSE,"noCluster"
"NODE_587_length_87_cov_11.4074",0,FALSE,"noCluster"
"NODE_588_length_87_cov_21.1111",0,FALSE,"noCluster"
"NODE_589_length_87_cov_9.5",1228.256078,FALSE,"noCluster"
"NODE_590_length_87_cov_27.9259",2820.507687,FALSE,"noCluster"
"NODE_591_length_85_cov_4.11538",0,FALSE,"noCluster"
"NODE_592_length_85_cov_45.9615",3405.339349,FALSE,"noCluster"
"NODE_593_length_84_cov_4.5098",0,FALSE,"noCluster"
"NODE_594_length_81_cov_2.0625",295.403924,FALSE,"noCluster"
"NODE_595_length_81_cov_5.58333",295.403924,FALSE,"noCluster"
"NODE_596_length_81_cov_43.125",4076.574147,FALSE,"noCluster"
"NODE_597_length_80_cov_1.08511",179.000298,FALSE,"noCluster"
"NODE_598_length_78_cov_1229.67",33788.332484,FALSE,"noCluster"
"NODE_599_length_76_cov_10.9535",0,FALSE,"noCluster"
"NODE_600_length_76_cov_21.9302",1345.435934,FALSE,"noCluster"
"NODE_601_length_75_cov_4.35714",458.981012,FALSE,"noCluster"
"NODE_602_length_75_cov_2",0,FALSE,"noCluster"
"NODE_603_length_75_cov_14.1429",983.53074,FALSE,"noCluster"
"NODE_604_length_74_cov_5.41463",537.755798,FALSE,"noCluster"
"NODE_605_length_72_cov_11.2308",974.75942,FALSE,"noCluster"
"NODE_606_length_72_cov_10.5641",381.43055,FALSE,"noCluster"
"NODE_607_length_72_cov_21.4615",1699.134566,FALSE,"noCluster"
"NODE_608_length_71_cov_1.94737",0,FALSE,"noCluster"
"NODE_609_length_71_cov_3.65789",0,FALSE,"noCluster"
"NODE_610_length_70_cov_18.4595",0,FALSE,"noCluster"
"NODE_611_length_70_cov_1.83784",0,FALSE,"noCluster"
"NODE_612_length_70_cov_1.40541",0,FALSE,"noCluster"
"NODE_613_length_70_cov_2.05405",150.86521,FALSE,"noCluster"
"NODE_614_length_70_cov_7.7027",0,FALSE,"noCluster"
"NODE_615_length_69_cov_1.38889",0,FALSE,"noCluster"
"NODE_616_length_69_cov_2.05556",156.531356,FALSE,"noCluster"
"NODE_617_length_69_cov_3.77778",0,FALSE,"noCluster"
"NODE_618_length_69_cov_0.805556",78.265678,FALSE,"noCluster"
"NODE_619_length_69_cov_3.47222",0,FALSE,"noCluster"
"NODE_620_length_69_cov_2.44444",0,FALSE,"noCluster"
"NODE_621_length_69_cov_2.36111",547.859746,FALSE,"noCluster"
"NODE_622_length_69_cov_10.2778",0,FALSE,"noCluster"
"NODE_623_length_69_cov_14.0556",860.922458,FALSE,"noCluster"
"NODE_624_length_68_cov_1.94286",0,FALSE,"noCluster"
"NODE_625_length_68_cov_1.94286",162.801357,FALSE,"noCluster"
"NODE_626_length_68_cov_1.14286",162.801357,FALSE,"noCluster"
"NODE_627_length_68_cov_13.9714",895.407464,FALSE,"noCluster"
"NODE_628_length_68_cov_11.6857",488.404071,FALSE,"noCluster"
"NODE_629_length_67_cov_3",169.66737,FALSE,"noCluster"
"NODE_630_length_67_cov_2",169.66737,FALSE,"noCluster"
"NODE_631_length_67_cov_1.91176",169.66737,FALSE,"noCluster"
"NODE_632_length_67_cov_1.05882",84.833685,FALSE,"noCluster"
"NODE_633_length_67_cov_3.11765",0,FALSE,"noCluster"
"NODE_634_length_67_cov_8.08824",1527.006331,FALSE,"noCluster"
"NODE_635_length_67_cov_14.6176",254.501055,FALSE,"noCluster"
"NODE_636_length_66_cov_6.09091",0,FALSE,"noCluster"
"NODE_637_length_66_cov_1.15152",0,FALSE,"noCluster"
"NODE_638_length_66_cov_5.63636",975.594699,FALSE,"noCluster"
"NODE_640_length_66_cov_4.81818",0,FALSE,"noCluster"
"NODE_641_length_66_cov_8.06061",354.761709,FALSE,"noCluster"
"NODE_642_length_66_cov_12",1507.737261,FALSE,"noCluster"
"NODE_643_length_66_cov_10.8485",3388.359244,FALSE,"noCluster"
"NODE_644_length_66_cov_164.97",975.594699,FALSE,"noCluster"
"NODE_645_length_66_cov_28.8788",88.692863,FALSE,"noCluster"
"NODE_646_length_65_cov_6.9375",0,FALSE,"noCluster"
"NODE_647_length_65_cov_3.1875",0,FALSE,"noCluster"
"NODE_648_length_65_cov_3.1875",0,FALSE,"noCluster"
"NODE_649_length_65_cov_7.4375",651.858525,FALSE,"noCluster"
"NODE_650_length_65_cov_1.375",186.245293,FALSE,"noCluster"
"NODE_651_length_65_cov_4.46875",186.245293,FALSE,"noCluster"
"NODE_652_length_65_cov_1.96875",0,FALSE,"noCluster"
"NODE_653_length_65_cov_6.375",186.245293,FALSE,"noCluster"
"NODE_654_length_65_cov_4.0625",0,FALSE,"noCluster"
"NODE_655_length_65_cov_8.5",2313.547474,FALSE,"noCluster"
"NODE_656_length_65_cov_4.90625",465.613232,FALSE,"noCluster"
"NODE_657_length_65_cov_3.6875",651.858525,FALSE,"noCluster"
"NODE_658_length_65_cov_7.4375",279.367939,FALSE,"noCluster"
"NODE_660_length_65_cov_6.96875",465.613232,FALSE,"noCluster"
"NODE_661_length_65_cov_4.34375",558.735879,FALSE,"noCluster"
"NODE_662_length_65_cov_7.875",0,FALSE,"noCluster"
"NODE_663_length_65_cov_31.9688",2607.4341,FALSE,"noCluster"
"NODE_664_length_65_cov_12.75",745.909106,FALSE,"noCluster"
"NODE_665_length_65_cov_49.125",18420.68513,FALSE,"noCluster"
"NODE_666_length_65_cov_36.25",558.072829,FALSE,"noCluster"
"NODE_667_length_65_cov_11.5938",186.245293,FALSE,"noCluster"
"NODE_669_length_64_cov_10.1935",980.89059,FALSE,"noCluster"
"NODE_670_length_64_cov_4.22581",0,FALSE,"noCluster"
"NODE_671_length_64_cov_13.8387",1467.533876,FALSE,"noCluster"
"NODE_672_length_64_cov_13.6452",1078.979649,FALSE,"noCluster"
"NODE_673_length_64_cov_3.29032",0,FALSE,"noCluster"
"NODE_674_length_64_cov_4.83871",0,FALSE,"noCluster"
"NODE_675_length_64_cov_2.19355",196.178118,FALSE,"noCluster"
"NODE_676_length_64_cov_2.6129",294.267177,FALSE,"noCluster"
"NODE_677_length_64_cov_12.2903",98.089059,FALSE,"noCluster"
"NODE_679_length_64_cov_9.70968",966.996068,FALSE,"noCluster"
"NODE_681_length_64_cov_4.19355",0,FALSE,"noCluster"
"NODE_683_length_64_cov_8.19355",5394.898247,FALSE,"noCluster"
"NODE_684_length_64_cov_2.58065",0,FALSE,"noCluster"
"NODE_686_length_64_cov_19.6129",392.356236,FALSE,"noCluster"
"NODE_687_length_64_cov_14.9355",1177.068708,FALSE,"noCluster"
"NODE_688_length_64_cov_70.5161",6303.552968,FALSE,"noCluster"
"NODE_689_length_64_cov_1.09677",116.45822,FALSE,"noCluster"
"NODE_691_length_64_cov_6.45161",3096.522222,FALSE,"noCluster"
"NODE_693_length_64_cov_2.58065",490.445295,FALSE,"noCluster"
"NODE_695_length_64_cov_19.7742",1255.114238,FALSE,"noCluster"
"NODE_696_length_64_cov_7.3871",0,FALSE,"noCluster"
"NODE_701_length_64_cov_72.3226",5101.213501,FALSE,"noCluster"
"NODE_702_length_64_cov_17.2903",98.089059,FALSE,"noCluster"
"NODE_703_length_64_cov_189.258",6571.966955,FALSE,"noCluster"
"NODE_705_length_63_cov_3.7",206.893176,FALSE,"noCluster"
"NODE_706_length_63_cov_10.4667",931.019293,FALSE,"noCluster"
"NODE_707_length_63_cov_16.5",1137.91247,FALSE,"noCluster"
"NODE_708_length_63_cov_2.6",0,FALSE,"noCluster"
"NODE_709_length_63_cov_6.4",0,FALSE,"noCluster"
"NODE_710_length_63_cov_2.26667",206.893176,FALSE,"noCluster"
"NODE_711_length_63_cov_3.4",310.339764,FALSE,"noCluster"
"NODE_712_length_63_cov_1.13333",103.446588,FALSE,"noCluster"
"NODE_713_length_63_cov_2.26667",0,FALSE,"noCluster"
"NODE_714_length_63_cov_4.53333",0,FALSE,"noCluster"
"NODE_715_length_63_cov_0.733333",310.339764,FALSE,"noCluster"
"NODE_717_length_63_cov_15.9",724.126117,FALSE,"noCluster"
"NODE_718_length_63_cov_17.3333",931.019293,FALSE,"noCluster"
"NODE_719_length_63_cov_9.16667",827.572705,FALSE,"noCluster"
"NODE_721_length_63_cov_12.1",1137.91247,FALSE,"noCluster"
"NODE_723_length_63_cov_3.6",413.786353,FALSE,"noCluster"
"NODE_724_length_63_cov_16",620.679529,FALSE,"noCluster"
"NODE_725_length_63_cov_3.5",103.446588,FALSE,"noCluster"
"NODE_726_length_63_cov_16.4667",1034.465881,FALSE,"noCluster"
"NODE_727_length_63_cov_10.9333",310.339764,FALSE,"noCluster"
"NODE_728_length_63_cov_13.2",2379.271527,FALSE,"noCluster"
"NODE_729_length_63_cov_7.96667",103.446588,FALSE,"noCluster"
"NODE_730_length_63_cov_5.23333",724.126117,FALSE,"noCluster"
"NODE_731_length_63_cov_11.3667",1257.148098,FALSE,"noCluster"
"NODE_733_length_63_cov_18.0333",517.232941,FALSE,"noCluster"
"NODE_735_length_63_cov_14.9667",103.446588,FALSE,"noCluster"
"NODE_737_length_63_cov_47.0667",931.019293,FALSE,"noCluster"
"NODE_738_length_63_cov_7.96667",2689.611292,FALSE,"noCluster"
"NODE_739_length_63_cov_293.5",12413.590578,FALSE,"noCluster"
"NODE_740_length_63_cov_70.5667",0,FALSE,"noCluster"
"NODE_741_length_63_cov_5.86667",724.126117,FALSE,"noCluster"
"NODE_742_length_63_cov_19.5",1655.14541,FALSE,"noCluster"
"NODE_744_length_63_cov_58.1667",7970.896527,FALSE,"noCluster"
"NODE_746_length_63_cov_153.633",5999.902112,FALSE,"noCluster"
"NODE_748_length_63_cov_18.2",0,FALSE,"noCluster"
"NODE_750_length_63_cov_75.7",15446.941205,FALSE,"noCluster"
"NODE_752_length_63_cov_122.067",9784.707959,FALSE,"noCluster"
"NODE_754_length_63_cov_23.5",1448.252234,FALSE,"noCluster"
"NODE_761_length_62_cov_6.48276",763.807039,FALSE,"noCluster"
"NODE_762_length_62_cov_5.06897",654.691748,FALSE,"noCluster"
"NODE_763_length_62_cov_2.27586",109.115291,FALSE,"noCluster"
"NODE_765_length_62_cov_4",0,FALSE,"noCluster"
"NODE_766_length_62_cov_2.37931",763.807039,FALSE,"noCluster"
"NODE_767_length_62_cov_7.41379",982.037622,FALSE,"noCluster"
"NODE_768_length_62_cov_2.34483",0,FALSE,"noCluster"
"NODE_769_length_62_cov_1.17241",0,FALSE,"noCluster"
"NODE_770_length_62_cov_3.51724",545.576457,FALSE,"noCluster"
"NODE_771_length_62_cov_3.51724",0,FALSE,"noCluster"
"NODE_772_length_62_cov_2.93103",0,FALSE,"noCluster"
"NODE_773_length_62_cov_5.86207",0,FALSE,"noCluster"
"NODE_774_length_62_cov_1.17241",109.115291,FALSE,"noCluster"
"NODE_775_length_62_cov_3.93103",218.230583,FALSE,"noCluster"
"NODE_776_length_62_cov_2.37931",0,FALSE,"noCluster"
"NODE_777_length_62_cov_6.93103",327.345874,FALSE,"noCluster"
"NODE_778_length_62_cov_0.655172",0,FALSE,"noCluster"
"NODE_779_length_62_cov_1.7931",436.461165,FALSE,"noCluster"
"NODE_780_length_62_cov_2.41379",1091.181139,FALSE,"noCluster"
"NODE_783_length_62_cov_35.6552",3491.689323,FALSE,"noCluster"
"NODE_784_length_62_cov_2.27586",0,FALSE,"noCluster"
"NODE_785_length_62_cov_8.68966",654.691748,FALSE,"noCluster"
"NODE_786_length_62_cov_10.6207",982.037622,FALSE,"noCluster"
"NODE_788_length_62_cov_5.51724",872.922331,FALSE,"noCluster"
"NODE_789_length_62_cov_14.6207",436.461165,FALSE,"noCluster"
"NODE_790_length_62_cov_10.2759",1635.642074,FALSE,"noCluster"
"NODE_791_length_62_cov_10.5517",763.807039,FALSE,"noCluster"
"NODE_794_length_62_cov_19.7586",1636.72937,FALSE,"noCluster"
"NODE_796_length_62_cov_3.41379",0,FALSE,"noCluster"
"NODE_797_length_62_cov_8.13793",872.922331,FALSE,"noCluster"
"NODE_799_length_62_cov_1.03448",872.922331,FALSE,"noCluster"
"NODE_802_length_62_cov_8.72414",1418.498788,FALSE,"noCluster"
"NODE_809_length_62_cov_12.2759",3708.722064,FALSE,"noCluster"
"NODE_811_length_62_cov_16.069",0,FALSE,"noCluster"
"NODE_815_length_62_cov_25.2759",1854.959953,FALSE,"noCluster"
"NODE_816_length_62_cov_14.069",109.115291,FALSE,"noCluster"
"NODE_824_length_62_cov_29.3103",872.922331,FALSE,"noCluster"
"NODE_825_length_62_cov_19.4483",2182.305827,FALSE,"noCluster"
"NODE_826_length_62_cov_7.24138",0,FALSE,"noCluster"
"NODE_831_length_61_cov_5.60714",0,FALSE,"noCluster"
"NODE_832_length_61_cov_3.25",0,FALSE,"noCluster"
"NODE_833_length_61_cov_7.53571",0,FALSE,"noCluster"
"NODE_834_length_61_cov_11.3571",1035.237314,FALSE,"noCluster"
"NODE_835_length_61_cov_7.28571",115.026368,FALSE,"noCluster"
"NODE_836_length_61_cov_1.89286",0,FALSE,"noCluster"
"NODE_837_length_61_cov_4.5",0,FALSE,"noCluster"
"NODE_838_length_61_cov_17",920.210946,FALSE,"noCluster"
"NODE_839_length_61_cov_5",115.026368,FALSE,"noCluster"
"NODE_841_length_61_cov_2.14286",0,FALSE,"noCluster"
"NODE_842_length_61_cov_2.42857",0,FALSE,"noCluster"
"NODE_843_length_61_cov_4.25",0,FALSE,"noCluster"
"NODE_844_length_61_cov_3.64286",345.079105,FALSE,"noCluster"
"NODE_845_length_61_cov_0.607143",0,FALSE,"noCluster"
"NODE_847_length_61_cov_3.85714",460.105473,FALSE,"noCluster"
"NODE_850_length_61_cov_4.14286",345.079105,FALSE,"noCluster"
"NODE_851_length_61_cov_10.2143",1035.237314,FALSE,"noCluster"
"NODE_852_length_61_cov_7.85714",0,FALSE,"noCluster"
"NODE_853_length_61_cov_5.39286",230.052736,FALSE,"noCluster"
"NODE_855_length_61_cov_67.7143",2185.500996,FALSE,"noCluster"
"NODE_856_length_61_cov_8.71429",575.131841,FALSE,"noCluster"
"NODE_857_length_61_cov_8.14286",1494.811744,FALSE,"noCluster"
"NODE_864_length_61_cov_2.35714",115.026368,FALSE,"noCluster"
"NODE_867_length_61_cov_122",5521.265673,FALSE,"noCluster"
"NODE_871_length_60_cov_2.48148",121.31921,FALSE,"noCluster"
"NODE_872_length_60_cov_12.5185",727.915262,FALSE,"noCluster"
"NODE_873_length_60_cov_45.9259",970.553682,FALSE,"noCluster"
"NODE_874_length_60_cov_1.88889",363.957631,FALSE,"noCluster"
"NODE_875_length_60_cov_1.55556",0,FALSE,"noCluster"
"NODE_876_length_60_cov_3.44444",0,FALSE,"noCluster"
"NODE_877_length_60_cov_7.44444",727.915262,FALSE,"noCluster"
"NODE_878_length_60_cov_2.14815",121.31921,FALSE,"noCluster"
"NODE_879_length_60_cov_9.92593",485.276841,FALSE,"noCluster"
"NODE_880_length_60_cov_14.8148",1091.872893,FALSE,"noCluster"
"NODE_881_length_60_cov_4.74074",242.638421,FALSE,"noCluster"
"NODE_882_length_60_cov_6.2963",606.596051,FALSE,"noCluster"
"NODE_883_length_60_cov_5.03704",485.276841,FALSE,"noCluster"
"NODE_884_length_60_cov_23.7778",727.915262,FALSE,"noCluster"
"NODE_885_length_60_cov_1.25926",121.31921,FALSE,"noCluster"
"NODE_886_length_60_cov_5.03704",485.276841,FALSE,"noCluster"
"NODE_887_length_60_cov_1.25926",0,FALSE,"noCluster"
"NODE_888_length_60_cov_1.25926",0,FALSE,"noCluster"
"NODE_889_length_60_cov_7.55556",242.638421,FALSE,"noCluster"
"NODE_890_length_60_cov_2.51852",363.957631,FALSE,"noCluster"
"NODE_891_length_60_cov_6.2963",0,FALSE,"noCluster"
"NODE_892_length_60_cov_8.81481",242.638421,FALSE,"noCluster"
"NODE_893_length_60_cov_3.77778",0,FALSE,"noCluster"
"NODE_894_length_60_cov_1.25926",0,FALSE,"noCluster"
"NODE_895_length_60_cov_5.74074",121.31921,FALSE,"noCluster"
"NODE_896_length_60_cov_2.37037",121.31921,FALSE,"noCluster"
"NODE_898_length_60_cov_4",727.915262,FALSE,"noCluster"
"NODE_899_length_60_cov_1.03704",121.31921,FALSE,"noCluster"
"NODE_900_length_60_cov_2.55556",363.957631,FALSE,"noCluster"
"NODE_901_length_60_cov_4.66667",0,FALSE,"noCluster"
"NODE_902_length_60_cov_5.7037",485.276841,FALSE,"noCluster"
"NODE_904_length_60_cov_6.03704",363.957631,FALSE,"noCluster"
"NODE_905_length_60_cov_1.88889",0,FALSE,"noCluster"
"NODE_906_length_60_cov_11.8148",242.638421,FALSE,"noCluster"
"NODE_907_length_60_cov_2.40741",363.957631,FALSE,"noCluster"
"NODE_908_length_60_cov_43.4444",1091.872893,FALSE,"noCluster"
"NODE_910_length_60_cov_20.037",606.596051,FALSE,"noCluster"
"NODE_911_length_60_cov_12.7778",606.596051,FALSE,"noCluster"
"NODE_912_length_60_cov_26.2593",1577.149734,FALSE,"noCluster"
"NODE_913_length_60_cov_90.8148",1819.788154,FALSE,"noCluster"
"NODE_916_length_60_cov_14.2593",970.553682,FALSE,"noCluster"
"NODE_917_length_60_cov_11.5556",0,FALSE,"noCluster"
"NODE_918_length_60_cov_7.96296",121.31921,FALSE,"noCluster"
"NODE_921_length_60_cov_17.3333",1091.872893,FALSE,"noCluster"
"NODE_924_length_60_cov_12.3333",1091.872893,FALSE,"noCluster"
"NODE_925_length_60_cov_25.0741",1455.830523,FALSE,"noCluster"
"NODE_928_length_59_cov_3.42308",385.191548,FALSE,"noCluster"
"NODE_929_length_59_cov_2.30769",256.794365,FALSE,"noCluster"
"NODE_930_length_59_cov_5.84615",128.397183,FALSE,"noCluster"
"NODE_931_length_59_cov_6.84615",898.780278,FALSE,"noCluster"
"NODE_932_length_59_cov_5.11538",0,FALSE,"noCluster"
"NODE_933_length_59_cov_3.57692",128.397183,FALSE,"noCluster"
"NODE_934_length_59_cov_2.76923",513.58873,FALSE,"noCluster"
"NODE_935_length_59_cov_10.4615",385.191548,FALSE,"noCluster"
"NODE_936_length_59_cov_2.61538",256.794365,FALSE,"noCluster"
"NODE_937_length_59_cov_3.92308",385.191548,FALSE,"noCluster"
"NODE_938_length_59_cov_5.23077",128.397183,FALSE,"noCluster"
"NODE_939_length_59_cov_0.653846",128.397183,FALSE,"noCluster"
"NODE_940_length_59_cov_0.653846",0,FALSE,"noCluster"
"NODE_941_length_59_cov_5.23077",0,FALSE,"noCluster"
"NODE_942_length_59_cov_2.61538",256.794365,FALSE,"noCluster"
"NODE_943_length_59_cov_8.61538",385.191548,FALSE,"noCluster"
"NODE_944_length_59_cov_7.84615",513.58873,FALSE,"noCluster"
"NODE_945_length_59_cov_5.23077",0,FALSE,"noCluster"
"NODE_946_length_59_cov_3.92308",0,FALSE,"noCluster"
"NODE_947_length_59_cov_2.61538",0,FALSE,"noCluster"
"NODE_948_length_59_cov_1.69231",0,FALSE,"noCluster"
"NODE_949_length_59_cov_1.46154",0,FALSE,"noCluster"
"NODE_950_length_59_cov_1",513.58873,FALSE,"noCluster"
"NODE_951_length_59_cov_11.3077",1540.766191,FALSE,"noCluster"
"NODE_952_length_59_cov_4.53846",0,FALSE,"noCluster"
"NODE_953_length_59_cov_5",0,FALSE,"noCluster"
"NODE_954_length_59_cov_6.15385",0,FALSE,"noCluster"
"NODE_955_length_59_cov_24.7308",2060.803855,FALSE,"noCluster"
"NODE_957_length_59_cov_13.7692",0,FALSE,"noCluster"
"NODE_958_length_59_cov_17.6538",1025.705304,FALSE,"noCluster"
"NODE_961_length_59_cov_8",0,FALSE,"noCluster"
"NODE_962_length_59_cov_12.3077",1412.369009,FALSE,"noCluster"
"NODE_963_length_59_cov_33.3077",256.869361,FALSE,"noCluster"
"NODE_964_length_59_cov_47.7308",1925.957739,FALSE,"noCluster"
"NODE_965_length_59_cov_80.1538",2439.471474,FALSE,"noCluster"
"NODE_967_length_59_cov_259.769",6933.44786,FALSE,"noCluster"
"NODE_969_length_59_cov_10.4615",128.397183,FALSE,"noCluster"
"NODE_971_length_59_cov_9.65385",0,FALSE,"noCluster"
"NODE_972_length_59_cov_51.8846",6548.256313,FALSE,"noCluster"
"NODE_974_length_59_cov_36.3462",3338.826703,FALSE,"noCluster"
"NODE_977_length_58_cov_2.32",0,FALSE,"noCluster"
"NODE_978_length_58_cov_4.72",272.640242,FALSE,"noCluster"
"NODE_979_length_58_cov_6.76",0,FALSE,"noCluster"
"NODE_980_length_58_cov_3.52",272.640242,FALSE,"noCluster"
"NODE_981_length_58_cov_2.56",272.640242,FALSE,"noCluster"
"NODE_982_length_58_cov_0.68",136.320121,FALSE,"noCluster"
"NODE_983_length_58_cov_1.36",0,FALSE,"noCluster"
"NODE_985_length_58_cov_4.08",0,FALSE,"noCluster"
"NODE_986_length_58_cov_9.2",0,FALSE,"noCluster"
"NODE_987_length_58_cov_1.36",0,FALSE,"noCluster"
"NODE_988_length_58_cov_8.16",408.960363,FALSE,"noCluster"
"NODE_989_length_58_cov_6.8",272.640242,FALSE,"noCluster"
"NODE_990_length_58_cov_24.16",1635.841452,FALSE,"noCluster"
"NODE_991_length_58_cov_10.88",0,FALSE,"noCluster"
"NODE_992_length_58_cov_1.44",0,FALSE,"noCluster"
"NODE_993_length_58_cov_2.72",0,FALSE,"noCluster"
"NODE_994_length_58_cov_2.04",408.960363,FALSE,"noCluster"
"NODE_995_length_58_cov_1.36",0,FALSE,"noCluster"
"NODE_996_length_58_cov_13.6",1226.881089,FALSE,"noCluster"
"NODE_997_length_58_cov_8",136.320121,FALSE,"noCluster"
"NODE_998_length_58_cov_2.64",136.320121,FALSE,"noCluster"
"NODE_999_length_58_cov_3.48",408.960363,FALSE,"noCluster"
"NODE_1000_length_58_cov_3.88",136.320121,FALSE,"noCluster"
"NODE_1002_length_58_cov_42.92",1226.881089,FALSE,"noCluster"
"NODE_1003_length_58_cov_6.96",136.320121,FALSE,"noCluster"
"NODE_1004_length_58_cov_9.32",136.320121,FALSE,"noCluster"
"NODE_1006_length_58_cov_21.12",408.960363,FALSE,"noCluster"
"NODE_1007_length_58_cov_7.96",545.280484,FALSE,"noCluster"
"NODE_1008_length_58_cov_8.6",0,FALSE,"noCluster"
"NODE_1010_length_58_cov_13.16",545.280484,FALSE,"noCluster"
"NODE_1011_length_58_cov_11.68",272.640242,FALSE,"noCluster"
"NODE_1015_length_58_cov_20.8",272.640242,FALSE,"noCluster"
"NODE_1016_length_57_cov_0.875",0,FALSE,"noCluster"
"NODE_1017_length_57_cov_1.33333",0,FALSE,"noCluster"
"NODE_1018_length_57_cov_3.5",867.377038,FALSE,"noCluster"
"NODE_1019_length_57_cov_4.25",144.56284,FALSE,"noCluster"
"NODE_1020_length_57_cov_64.2083",1445.628397,FALSE,"noCluster"
"NODE_1022_length_57_cov_1.375",144.56284,FALSE,"noCluster"
"NODE_1023_length_57_cov_1.54167",0,FALSE,"noCluster"
"NODE_1024_length_57_cov_2.83333",0,FALSE,"noCluster"
"NODE_1025_length_57_cov_2.91667",0,FALSE,"noCluster"
"NODE_1026_length_57_cov_9.375",0,FALSE,"noCluster"
"NODE_1027_length_57_cov_1.5",433.688519,FALSE,"noCluster"
"NODE_1028_length_57_cov_5.45833",1156.502717,FALSE,"noCluster"
"NODE_1029_length_57_cov_2.75",289.125679,FALSE,"noCluster"
"NODE_1030_length_57_cov_2.5",0,FALSE,"noCluster"
"NODE_1031_length_57_cov_4.25",0,FALSE,"noCluster"
"NODE_1032_length_57_cov_2.83333",289.125679,FALSE,"noCluster"
"NODE_1033_length_57_cov_2.83333",0,FALSE,"noCluster"
"NODE_1034_length_57_cov_5.66667",433.688519,FALSE,"noCluster"
"NODE_1035_length_57_cov_8",578.251359,FALSE,"noCluster"
"NODE_1036_length_57_cov_5.66667",578.251359,FALSE,"noCluster"
"NODE_1037_length_57_cov_1.41667",144.56284,FALSE,"noCluster"
"NODE_1038_length_57_cov_2.83333",0,FALSE,"noCluster"
"NODE_1039_length_57_cov_8.5",578.251359,FALSE,"noCluster"
"NODE_1041_length_57_cov_2.125",433.688519,FALSE,"noCluster"
"NODE_1042_length_57_cov_2.83333",289.125679,FALSE,"noCluster"
"NODE_1043_length_57_cov_2.83333",289.125679,FALSE,"noCluster"
"NODE_1044_length_57_cov_3.54167",722.814198,FALSE,"noCluster"
"NODE_1045_length_57_cov_4.25",867.377038,FALSE,"noCluster"
"NODE_1046_length_57_cov_1.41667",0,FALSE,"noCluster"
"NODE_1047_length_57_cov_2.83333",0,FALSE,"noCluster"
"NODE_1048_length_57_cov_8.5",0,FALSE,"noCluster"
"NODE_1049_length_57_cov_4.33333",433.688519,FALSE,"noCluster"
"NODE_1050_length_57_cov_4.25",578.251359,FALSE,"noCluster"
"NODE_1051_length_57_cov_11.25",867.39622,FALSE,"noCluster"
"NODE_1052_length_57_cov_5.45833",578.251359,FALSE,"noCluster"
"NODE_1054_length_57_cov_31.1667",578.251359,FALSE,"noCluster"
"NODE_1055_length_57_cov_43.7083",4333.102233,FALSE,"noCluster"
"NODE_1056_length_57_cov_2.66667",289.125679,FALSE,"noCluster"
"NODE_1057_length_57_cov_1.95833",0,FALSE,"noCluster"
"NODE_1058_length_57_cov_57.3333",2746.693954,FALSE,"noCluster"
"NODE_1059_length_57_cov_10.25",0,FALSE,"noCluster"
"NODE_1060_length_57_cov_5.75",0,FALSE,"noCluster"
"NODE_1061_length_57_cov_21.125",722.814198,FALSE,"noCluster"
"NODE_1062_length_57_cov_17",2602.131114,FALSE,"noCluster"
"NODE_1063_length_57_cov_10.7917",144.56284,FALSE,"noCluster"
"NODE_1064_length_57_cov_5.375",578.251359,FALSE,"noCluster"
"NODE_1065_length_57_cov_7.79167",0,FALSE,"noCluster"
"NODE_1066_length_57_cov_6",144.56284,FALSE,"noCluster"
"NODE_1067_length_57_cov_887.458",34984.207198,FALSE,"noCluster"
"NODE_1068_length_57_cov_5.58333",1734.754076,FALSE,"noCluster"
"NODE_1069_length_57_cov_5.41667",1011.939878,FALSE,"noCluster"
"NODE_1070_length_57_cov_7.41667",144.56284,FALSE,"noCluster"
"NODE_1071_length_57_cov_19.5833",1156.502717,FALSE,"noCluster"
"NODE_1072_length_57_cov_16.1667",144.56284,FALSE,"noCluster"
"NODE_1073_length_57_cov_73.2917",5493.387907,FALSE,"noCluster"
"NODE_1074_length_57_cov_129.75",9830.273097,FALSE,"noCluster"
"NODE_1075_length_56_cov_8.69565",762.213273,FALSE,"noCluster"
"NODE_1076_length_56_cov_1.34783",152.442655,FALSE,"noCluster"
"NODE_1077_length_56_cov_6.6087",0,FALSE,"noCluster"
"NODE_1078_length_56_cov_11.6522",609.770619,FALSE,"noCluster"
"NODE_1079_length_56_cov_31.3043",1524.426547,FALSE,"noCluster"
"NODE_1080_length_56_cov_1.26087",152.442655,FALSE,"noCluster"
"NODE_1081_length_56_cov_1.43478",0,FALSE,"noCluster"
"NODE_1082_length_56_cov_15.8261",1067.078355,FALSE,"noCluster"
"NODE_1083_length_56_cov_8.86957",0,FALSE,"noCluster"
"NODE_1084_length_56_cov_9.21739",152.442655,FALSE,"noCluster"
"NODE_1086_length_56_cov_3.69565",0,FALSE,"noCluster"
"NODE_1087_length_56_cov_4.43478",0,FALSE,"noCluster"
"NODE_1088_length_56_cov_4.43478",0,FALSE,"noCluster"
"NODE_1089_length_56_cov_4.43478",304.885309,FALSE,"noCluster"
"NODE_1090_length_56_cov_1.47826",152.442655,FALSE,"noCluster"
"NODE_1091_length_56_cov_2.69565",0,FALSE,"noCluster"
"NODE_1092_length_56_cov_7.3913",762.213273,FALSE,"noCluster"
"NODE_1093_length_56_cov_2.95652",152.442655,FALSE,"noCluster"
"NODE_1094_length_56_cov_13.3043",0,FALSE,"noCluster"
"NODE_1095_length_56_cov_4.43478",0,FALSE,"noCluster"
"NODE_1096_length_56_cov_7.3913",0,FALSE,"noCluster"
"NODE_1097_length_56_cov_0.73913",152.442655,FALSE,"noCluster"
"NODE_1098_length_56_cov_8.86957",152.442655,FALSE,"noCluster"
"NODE_1099_length_56_cov_1.47826",152.442655,FALSE,"noCluster"
"NODE_1100_length_56_cov_6.30435",609.770619,FALSE,"noCluster"
"NODE_1101_length_56_cov_7.73913",0,FALSE,"noCluster"
"NODE_1102_length_56_cov_3.86957",0,FALSE,"noCluster"
"NODE_1104_length_56_cov_4.65217",457.327964,FALSE,"noCluster"
"NODE_1105_length_56_cov_13.8261",0,FALSE,"noCluster"
"NODE_1106_length_56_cov_9.43478",457.327964,FALSE,"noCluster"
"NODE_1110_length_56_cov_57.4348",15724.784056,FALSE,"noCluster"
"NODE_1111_length_56_cov_18.6957",0,FALSE,"noCluster"
"NODE_1112_length_56_cov_5.30435",609.770619,FALSE,"noCluster"
"NODE_1113_length_56_cov_30.913",762.213273,FALSE,"noCluster"
"NODE_1114_length_56_cov_384.696",10975.871136,FALSE,"noCluster"
"NODE_1116_length_55_cov_7.90909",0,FALSE,"noCluster"
"NODE_1118_length_55_cov_8.72727",0,FALSE,"noCluster"
