"Name","SRX3467220_SRR6371897_TPM","pir","subfam"
"NODE_2174_length_34_cov_785",0,FALSE,"noCluster"
"NODE_2187_length_34_cov_271",0,FALSE,"noCluster"
"NODE_2203_length_34_cov_4047",0,FALSE,"noCluster"
"NODE_2212_length_34_cov_4",0,FALSE,"noCluster"
"NODE_2215_length_34_cov_611",0,FALSE,"noCluster"
"NODE_2216_length_34_cov_27",0,FALSE,"noCluster"
"NODE_1_length_3247_cov_260.236",42.477195,FALSE,"noCluster"
"NODE_2_length_1784_cov_207.05",33.754369,FALSE,"noCluster"
"NODE_3_length_1039_cov_343.444",64.115641,FALSE,"noCluster"
"NODE_4_length_990_cov_204.973",53.169411,FALSE,"noCluster"
"NODE_5_length_898_cov_420.946",88.610556,FALSE,"noCluster"
"NODE_6_length_857_cov_213.268",49.849758,FALSE,"noCluster"
"NODE_7_length_762_cov_918.724",190.491524,FALSE,"noCluster"
"NODE_8_length_734_cov_159.979",33.159396,FALSE,"noCluster"
"NODE_9_length_688_cov_398.864",85.442699,FALSE,"noCluster"
"NODE_10_length_676_cov_183.966",42.595919,FALSE,"noCluster"
"NODE_11_length_614_cov_662.269",69.890301,FALSE,"noCluster"
"NODE_12_length_540_cov_82.6864",21.323711,FALSE,"noCluster"
"NODE_13_length_532_cov_611.485",156.697862,FALSE,"noCluster"
"NODE_14_length_515_cov_235.137",60.844846,FALSE,"noCluster"
"NODE_15_length_502_cov_76.3881",20.1384,FALSE,"noCluster"
"NODE_16_length_502_cov_147.284",39.18617,FALSE,"noCluster"
"NODE_17_length_494_cov_117.527",32.270059,FALSE,"noCluster"
"NODE_18_length_494_cov_319.579",94.40822,FALSE,"noCluster"
"NODE_19_length_491_cov_417.985",113.770955,FALSE,"noCluster"
"NODE_20_length_489_cov_44.1338",12.155212,FALSE,"noCluster"
"NODE_21_length_483_cov_245.567",67.897489,FALSE,"noCluster"
"NODE_22_length_480_cov_153.756",44.087436,FALSE,"noCluster"
"NODE_23_length_480_cov_244.747",67.871171,FALSE,"noCluster"
"NODE_24_length_474_cov_92.9932",26.164374,FALSE,"noCluster"
"NODE_25_length_471_cov_80.0251",22.635977,FALSE,"noCluster"
"NODE_26_length_464_cov_112.773",31.983429,FALSE,"noCluster"
"NODE_27_length_464_cov_122.856",37.34592,FALSE,"noCluster"
"NODE_28_length_462_cov_798.431",238.562632,FALSE,"noCluster"
"NODE_29_length_462_cov_405.27",137.54456,FALSE,"noCluster"
"NODE_30_length_458_cov_74.6212",22.393253,FALSE,"noCluster"
"NODE_31_length_458_cov_177.024",54.487932,FALSE,"noCluster"
"NODE_32_length_456_cov_545.021",163.857092,FALSE,"noCluster"
"NODE_33_length_450_cov_41.3333",12.078448,FALSE,"noCluster"
"NODE_34_length_450_cov_50.3261",15.477772,FALSE,"noCluster"
"NODE_35_length_450_cov_1577.53",485.910417,FALSE,"noCluster"
"NODE_36_length_437_cov_132.297",40.868723,FALSE,"noCluster"
"NODE_37_length_434_cov_585.182",144.704482,FALSE,"noCluster"
"NODE_38_length_430_cov_782.494",254.989457,FALSE,"noCluster"
"NODE_39_length_429_cov_67.5202",21.266818,FALSE,"noCluster"
"NODE_40_length_426_cov_515.201",170.404524,FALSE,"noCluster"
"NODE_41_length_425_cov_33.7423",10.635371,FALSE,"noCluster"
"NODE_42_length_422_cov_106.915",34.859467,FALSE,"noCluster"
"NODE_43_length_419_cov_69.2202",22.739192,FALSE,"noCluster"
"NODE_44_length_415_cov_53.5183",17.679698,FALSE,"noCluster"
"NODE_45_length_413_cov_203.497",67.326813,FALSE,"noCluster"
"NODE_46_length_413_cov_261.832",89.986013,FALSE,"noCluster"
"NODE_47_length_407_cov_97.0374",32.922934,FALSE,"noCluster"
"NODE_48_length_406_cov_201.04",53.472083,FALSE,"noCluster"
"NODE_49_length_404_cov_85.9704",29.337444,FALSE,"noCluster"
"NODE_50_length_402_cov_174.466",60.319279,FALSE,"noCluster"
"NODE_51_length_401_cov_65.0435",22.623839,FALSE,"noCluster"
"NODE_52_length_401_cov_572.815",199.59112,FALSE,"noCluster"
"NODE_53_length_398_cov_679.044",240.272303,FALSE,"noCluster"
"NODE_54_length_398_cov_48.6438",23.978361,FALSE,"noCluster"
"NODE_55_length_393_cov_72.5278",26.367813,FALSE,"noCluster"
"NODE_56_length_392_cov_217.649",78.268315,FALSE,"noCluster"
"NODE_57_length_390_cov_149.314",54.761141,FALSE,"noCluster"
"NODE_58_length_389_cov_43.427",17.01483,FALSE,"noCluster"
"NODE_59_length_388_cov_269.183",101.79802,FALSE,"noCluster"
"NODE_60_length_387_cov_35.0791",13.215779,FALSE,"noCluster"
"NODE_61_length_386_cov_104.051",43.34244,FALSE,"noCluster"
"NODE_62_length_383_cov_87.3914",32.700793,FALSE,"noCluster"
"NODE_63_length_380_cov_171.138",65.037791,FALSE,"noCluster"
"NODE_64_length_377_cov_1187.58",472.055437,FALSE,"noCluster"
"NODE_65_length_365_cov_76.994",31.907248,FALSE,"noCluster"
"NODE_66_length_363_cov_53.8364",22.039108,FALSE,"noCluster"
"NODE_67_length_361_cov_32.5122",13.770123,FALSE,"noCluster"
"NODE_68_length_358_cov_102.643",44.087299,FALSE,"noCluster"
"NODE_69_length_354_cov_124.408",54.846399,FALSE,"noCluster"
"NODE_70_length_353_cov_250.803",112.161811,FALSE,"noCluster"
"NODE_71_length_352_cov_32.6991",12.837205,FALSE,"noCluster"
"NODE_72_length_348_cov_221.34",150.967908,FALSE,"noCluster"
"NODE_73_length_347_cov_89.2548",42.275013,FALSE,"noCluster"
"NODE_74_length_346_cov_173.252",80.909863,FALSE,"noCluster"
"NODE_75_length_344_cov_246.437",124.457039,FALSE,"noCluster"
"NODE_76_length_338_cov_94.9344",47.659165,FALSE,"noCluster"
"NODE_77_length_337_cov_69.6184",34.685627,FALSE,"noCluster"
"NODE_78_length_335_cov_167.48",84.720403,FALSE,"noCluster"
"NODE_79_length_333_cov_225.777",118.311117,FALSE,"noCluster"
"NODE_80_length_332_cov_54.5652",27.886731,FALSE,"noCluster"
"NODE_81_length_330_cov_60.1111",31.831334,FALSE,"noCluster"
"NODE_82_length_328_cov_191.058",103.695023,FALSE,"noCluster"
"NODE_83_length_326_cov_83.5973",46.954779,FALSE,"noCluster"
"NODE_84_length_325_cov_63.5959",34.571907,FALSE,"noCluster"
"NODE_85_length_325_cov_109.894",60.412561,FALSE,"noCluster"
"NODE_86_length_325_cov_128.688",96.364776,FALSE,"noCluster"
"NODE_87_length_324_cov_118.213",66.030847,FALSE,"noCluster"
"NODE_88_length_324_cov_57.8763",34.706854,FALSE,"noCluster"
"NODE_89_length_321_cov_1933.64",1111.709789,FALSE,"noCluster"
"NODE_90_length_320_cov_46.007",26.58608,FALSE,"noCluster"
"NODE_91_length_320_cov_135.62",82.162665,FALSE,"noCluster"
"NODE_92_length_320_cov_99.2892",58.152756,FALSE,"noCluster"
"NODE_93_length_319_cov_32228.1",18608.452407,FALSE,"noCluster"
"NODE_94_length_318_cov_128.765",75.928765,FALSE,"noCluster"
"NODE_95_length_318_cov_190.323",114.864781,FALSE,"noCluster"
"NODE_96_length_317_cov_33.4859",19.642088,FALSE,"noCluster"
"NODE_97_length_316_cov_57.3322",34.949506,FALSE,"noCluster"
"NODE_98_length_316_cov_49.6113",31.239986,FALSE,"noCluster"
"NODE_99_length_316_cov_31.3569",29.6398,FALSE,"noCluster"
"NODE_100_length_315_cov_60.2766",36.758815,FALSE,"noCluster"
"NODE_101_length_315_cov_414.145",260.891633,FALSE,"noCluster"
"NODE_102_length_314_cov_48.3523",30.641807,FALSE,"noCluster"
"NODE_103_length_314_cov_63.4947",39.706988,FALSE,"noCluster"
"NODE_104_length_314_cov_115.665",72.221766,FALSE,"noCluster"
"NODE_105_length_313_cov_50.3286",31.144306,FALSE,"noCluster"
"NODE_106_length_311_cov_43.3165",28.426644,FALSE,"noCluster"
"NODE_107_length_311_cov_122.187",178.284068,FALSE,"noCluster"
"NODE_108_length_309_cov_411.793",288.183716,FALSE,"noCluster"
"NODE_109_length_308_cov_37.0109",25.197221,FALSE,"noCluster"
"NODE_110_length_308_cov_44.6764",29.800955,FALSE,"noCluster"
"NODE_111_length_304_cov_152.055",107.860652,FALSE,"noCluster"
"NODE_112_length_304_cov_99.8007",69.113315,FALSE,"noCluster"
"NODE_113_length_303_cov_93.9481",67.961502,FALSE,"noCluster"
"NODE_114_length_302_cov_58.6394",41.845464,FALSE,"noCluster"
"NODE_115_length_301_cov_52.153",37.904139,FALSE,"noCluster"
"NODE_116_length_301_cov_122.373",91.089972,FALSE,"noCluster"
"NODE_117_length_300_cov_41.4682",30.156096,FALSE,"noCluster"
"NODE_118_length_299_cov_34.0338",25.76291,FALSE,"noCluster"
"NODE_119_length_299_cov_45.7481",34.844456,FALSE,"noCluster"
"NODE_120_length_298_cov_316.245",238.313068,FALSE,"noCluster"
"NODE_121_length_298_cov_75.0075",97.448327,FALSE,"noCluster"
"NODE_122_length_297_cov_54.9394",42.781423,FALSE,"noCluster"
"NODE_123_length_297_cov_212.163",163.401269,FALSE,"noCluster"
"NODE_124_length_297_cov_32.3523",26.589843,FALSE,"noCluster"
"NODE_125_length_296_cov_113.677",88.064475,FALSE,"noCluster"
"NODE_126_length_295_cov_96.5534",79.452732,FALSE,"noCluster"
"NODE_127_length_295_cov_157.26",150.744621,FALSE,"noCluster"
"NODE_128_length_294_cov_184.716",175.618034,FALSE,"noCluster"
"NODE_129_length_292_cov_28.9112",23.671857,FALSE,"noCluster"
"NODE_130_length_292_cov_7.74131",7.049127,FALSE,"noCluster"
"NODE_131_length_291_cov_62.5078",51.981372,FALSE,"noCluster"
"NODE_132_length_290_cov_99.7198",86.732274,FALSE,"noCluster"
"NODE_133_length_290_cov_59.3307",51.273914,FALSE,"noCluster"
"NODE_134_length_290_cov_116.28",99.508541,FALSE,"noCluster"
"NODE_135_length_290_cov_45.2957",48.291731,FALSE,"noCluster"
"NODE_136_length_289_cov_173.039",147.91118,FALSE,"noCluster"
"NODE_137_length_289_cov_61.2422",53.108085,FALSE,"noCluster"
"NODE_138_length_289_cov_417.273",414.48394,FALSE,"noCluster"
"NODE_139_length_287_cov_896.398",827.923664,FALSE,"noCluster"
"NODE_140_length_287_cov_106.236",95.969566,FALSE,"noCluster"
"NODE_141_length_286_cov_23.1542",21.738663,FALSE,"noCluster"
"NODE_142_length_286_cov_99.5178",87.986933,FALSE,"noCluster"
"NODE_143_length_284_cov_54.3466",50.361498,FALSE,"noCluster"
"NODE_144_length_284_cov_83.9721",77.119988,FALSE,"noCluster"
"NODE_145_length_284_cov_79.1076",74.848041,FALSE,"noCluster"
"NODE_146_length_283_cov_82.4",79.725241,FALSE,"noCluster"
"NODE_147_length_282_cov_56.9157",56.754851,FALSE,"noCluster"
"NODE_148_length_282_cov_68.8032",67.58092,FALSE,"noCluster"
"NODE_149_length_279_cov_27.8699",29.019049,FALSE,"noCluster"
"NODE_150_length_279_cov_37.4675",37.578625,FALSE,"noCluster"
"NODE_151_length_279_cov_74.5285",75.505199,FALSE,"noCluster"
"NODE_152_length_278_cov_263.22",266.233385,FALSE,"noCluster"
"NODE_153_length_278_cov_23.5224",23.706199,FALSE,"noCluster"
"NODE_154_length_278_cov_151.718",157.923029,FALSE,"noCluster"
"NODE_155_length_278_cov_202.951",211.723324,FALSE,"noCluster"
"NODE_156_length_278_cov_11482.1",11919.320474,FALSE,"noCluster"
"NODE_157_length_277_cov_76.3648",88.755156,FALSE,"noCluster"
"NODE_158_length_275_cov_122.054",131.513161,FALSE,"noCluster"
"NODE_159_length_275_cov_40.1074",43.53643,FALSE,"noCluster"
"NODE_160_length_274_cov_35.0539",38.032829,FALSE,"noCluster"
"NODE_161_length_274_cov_109.432",119.015863,FALSE,"noCluster"
"NODE_162_length_273_cov_27.05",32.056278,FALSE,"noCluster"
"NODE_163_length_272_cov_40.4937",46.932028,FALSE,"noCluster"
"NODE_164_length_272_cov_49.9665",55.726787,FALSE,"noCluster"
"NODE_165_length_271_cov_13.7563",17.127511,FALSE,"noCluster"
"NODE_166_length_270_cov_35.0802",43.929088,FALSE,"noCluster"
"NODE_167_length_270_cov_76.1013",91.01974,FALSE,"noCluster"
"NODE_168_length_270_cov_118.131",139.691173,FALSE,"noCluster"
"NODE_169_length_270_cov_347.181",417.659135,FALSE,"noCluster"
"NODE_170_length_270_cov_76.6878",89.438958,FALSE,"noCluster"
"NODE_171_length_269_cov_43.0339",51.771205,FALSE,"noCluster"
"NODE_172_length_269_cov_72.6356",87.247211,FALSE,"noCluster"
"NODE_173_length_269_cov_69.589",80.287803,FALSE,"noCluster"
"NODE_174_length_269_cov_32.6949",37.852389,FALSE,"noCluster"
"NODE_175_length_269_cov_174.182",207.509174,FALSE,"noCluster"
"NODE_176_length_268_cov_133.089",162.761123,FALSE,"noCluster"
"NODE_177_length_268_cov_32.8638",41.296306,FALSE,"noCluster"
"NODE_178_length_268_cov_259.357",314.613787,FALSE,"noCluster"
"NODE_179_length_267_cov_47.7308",58.63905,FALSE,"noCluster"
"NODE_180_length_267_cov_42.7436",51.927351,FALSE,"noCluster"
"NODE_181_length_267_cov_224.53",275.532884,FALSE,"noCluster"
"NODE_182_length_266_cov_30.1888",37.113436,FALSE,"noCluster"
"NODE_183_length_266_cov_33.6695",42.428225,FALSE,"noCluster"
"NODE_184_length_265_cov_26.8233",35.283114,FALSE,"noCluster"
"NODE_185_length_265_cov_89.9353",114.39447,FALSE,"noCluster"
"NODE_186_length_264_cov_67.4242",86.220283,FALSE,"noCluster"
"NODE_187_length_264_cov_114.688",145.262433,FALSE,"noCluster"
"NODE_188_length_263_cov_29.187",40.050086,FALSE,"noCluster"
"NODE_189_length_263_cov_765.122",999.340453,FALSE,"noCluster"
"NODE_190_length_263_cov_239.783",312.658309,FALSE,"noCluster"
"NODE_191_length_263_cov_296.2",389.699764,FALSE,"noCluster"
"NODE_192_length_261_cov_142.772",192.272942,FALSE,"noCluster"
"NODE_193_length_261_cov_88.3202",118.604767,FALSE,"noCluster"
"NODE_194_length_261_cov_256.697",257.391235,FALSE,"noCluster"
"NODE_195_length_259_cov_154.814",219.57849,FALSE,"noCluster"
"NODE_196_length_259_cov_107.106",150.830987,FALSE,"noCluster"
"NODE_197_length_258_cov_41.5867",61.242957,FALSE,"noCluster"
"NODE_198_length_258_cov_43.5067",61.664596,FALSE,"noCluster"
"NODE_199_length_257_cov_90.7277",132.190217,FALSE,"noCluster"
"NODE_200_length_256_cov_46.4081",66.944861,FALSE,"noCluster"
"NODE_201_length_256_cov_69.3184",102.663396,FALSE,"noCluster"
"NODE_202_length_256_cov_148.493",216.392964,FALSE,"noCluster"
"NODE_203_length_255_cov_119.518",177.926067,FALSE,"noCluster"
"NODE_204_length_254_cov_28.5928",41.669372,FALSE,"noCluster"
"NODE_205_length_254_cov_66.6923",100.98561,FALSE,"noCluster"
"NODE_206_length_254_cov_31.8235",47.703462,FALSE,"noCluster"
"NODE_207_length_254_cov_62.9638",93.926864,FALSE,"noCluster"
"NODE_208_length_254_cov_37.7738",63.301014,FALSE,"noCluster"
"NODE_209_length_252_cov_29.6986",48.132812,FALSE,"noCluster"
"NODE_210_length_252_cov_55.8721",88.696827,FALSE,"noCluster"
"NODE_211_length_250_cov_282.968",450.55226,FALSE,"noCluster"
"NODE_212_length_250_cov_44.9816",70.609853,FALSE,"noCluster"
"NODE_213_length_250_cov_119.682",185.796012,FALSE,"noCluster"
"NODE_214_length_250_cov_58.871",92.591007,FALSE,"noCluster"
"NODE_215_length_249_cov_45.0278",73.317401,FALSE,"noCluster"
"NODE_216_length_249_cov_41.2315",69.438835,FALSE,"noCluster"
"NODE_217_length_249_cov_38.6852",60.305439,FALSE,"noCluster"
"NODE_218_length_249_cov_33.3102",54.425033,FALSE,"noCluster"
"NODE_219_length_249_cov_52.7454",86.204247,FALSE,"noCluster"
"NODE_220_length_248_cov_34.3581",54.553348,FALSE,"noCluster"
"NODE_221_length_248_cov_142.902",233.381262,FALSE,"noCluster"
"NODE_222_length_247_cov_46.4953",81.408268,FALSE,"noCluster"
"NODE_223_length_247_cov_44.1495",73.22849,FALSE,"noCluster"
"NODE_224_length_246_cov_124.85",209.343444,FALSE,"noCluster"
"NODE_225_length_246_cov_258.324",431.117895,FALSE,"noCluster"
"NODE_226_length_246_cov_67.1362",123.913334,FALSE,"noCluster"
"NODE_227_length_246_cov_123.488",204.318143,FALSE,"noCluster"
"NODE_228_length_245_cov_18.6462",30.842148,FALSE,"noCluster"
"NODE_229_length_245_cov_535.892",922.16675,FALSE,"noCluster"
"NODE_230_length_244_cov_62.0569",134.585509,FALSE,"noCluster"
"NODE_231_length_244_cov_126.052",217.655221,FALSE,"noCluster"
"NODE_232_length_244_cov_262.706",446.419498,FALSE,"noCluster"
"NODE_233_length_243_cov_41.5",72.196692,FALSE,"noCluster"
"NODE_234_length_243_cov_120.614",216.869366,FALSE,"noCluster"
"NODE_235_length_242_cov_17.11",29.287305,FALSE,"noCluster"
"NODE_236_length_242_cov_59.0191",114.732305,FALSE,"noCluster"
"NODE_237_length_240_cov_21.7053",46.108111,FALSE,"noCluster"
"NODE_238_length_240_cov_78.3527",139.060883,FALSE,"noCluster"
"NODE_239_length_240_cov_82.4686",150.109152,FALSE,"noCluster"
"NODE_240_length_240_cov_51.2367",92.216221,FALSE,"noCluster"
"NODE_241_length_240_cov_2194.04",3993.139144,FALSE,"noCluster"
"NODE_242_length_239_cov_92.6359",165.364677,FALSE,"noCluster"
"NODE_243_length_239_cov_63.7039",119.63827,FALSE,"noCluster"
"NODE_244_length_239_cov_33.2524",61.018516,FALSE,"noCluster"
"NODE_245_length_239_cov_73.5874",189.202378,FALSE,"noCluster"
"NODE_246_length_238_cov_117.483",213.588612,FALSE,"noCluster"
"NODE_247_length_238_cov_116.341",217.707821,FALSE,"noCluster"
"NODE_248_length_238_cov_5.69756",10.679431,FALSE,"noCluster"
"NODE_249_length_237_cov_23.2304",46.569577,FALSE,"noCluster"
"NODE_250_length_237_cov_26.799",50.139911,FALSE,"noCluster"
"NODE_251_length_237_cov_28.6225",62.800068,FALSE,"noCluster"
"NODE_252_length_237_cov_38.2941",72.182844,FALSE,"noCluster"
"NODE_253_length_237_cov_59.549",110.990825,FALSE,"noCluster"
"NODE_254_length_237_cov_36.1667",68.767742,FALSE,"noCluster"
"NODE_255_length_237_cov_36.3186",70.475293,FALSE,"noCluster"
"NODE_256_length_236_cov_88.3448",168.825293,FALSE,"noCluster"
"NODE_257_length_235_cov_31.1337",61.047749,FALSE,"noCluster"
"NODE_258_length_235_cov_94.6584",179.769555,FALSE,"noCluster"
"NODE_259_length_234_cov_47.5124",91.995782,FALSE,"noCluster"
"NODE_260_length_234_cov_264.154",514.882257,FALSE,"noCluster"
"NODE_261_length_233_cov_32.085",63.979482,FALSE,"noCluster"
"NODE_262_length_233_cov_108.165",211.381561,FALSE,"noCluster"
"NODE_263_length_233_cov_187.615",370.582453,FALSE,"noCluster"
"NODE_264_length_233_cov_235.91",480.261565,FALSE,"noCluster"
"NODE_265_length_233_cov_142.03",335.019832,FALSE,"noCluster"
"NODE_266_length_233_cov_80.8",155.544922,FALSE,"noCluster"
"NODE_267_length_232_cov_25.7286",58.299708,FALSE,"noCluster"
"NODE_268_length_231_cov_39.5606",77.488602,FALSE,"noCluster"
"NODE_269_length_231_cov_47.7626",109.274392,FALSE,"noCluster"
"NODE_270_length_231_cov_54.0606",108.587132,FALSE,"noCluster"
"NODE_271_length_230_cov_46.0457",93.27455,FALSE,"noCluster"
"NODE_272_length_230_cov_69.1269",141.83321,FALSE,"noCluster"
"NODE_273_length_229_cov_39.2245",79.188835,FALSE,"noCluster"
"NODE_274_length_228_cov_101.051",208.973595,FALSE,"noCluster"
"NODE_275_length_228_cov_29.5795",60.634826,FALSE,"noCluster"
"NODE_276_length_228_cov_38.2308",81.929199,FALSE,"noCluster"
"NODE_277_length_228_cov_67.4513",144.729554,FALSE,"noCluster"
"NODE_278_length_228_cov_39.7128",93.298229,FALSE,"noCluster"
"NODE_279_length_227_cov_40.1753",83.994081,FALSE,"noCluster"
"NODE_280_length_227_cov_23.2474",47.865623,FALSE,"noCluster"
"NODE_281_length_227_cov_163.33",358.166901,FALSE,"noCluster"
"NODE_282_length_227_cov_45.8505",103.066973,FALSE,"noCluster"
"NODE_283_length_227_cov_52.9227",104.167332,FALSE,"noCluster"
"NODE_284_length_226_cov_29.4249",62.427367,FALSE,"noCluster"
"NODE_285_length_226_cov_48.943",105.287947,FALSE,"noCluster"
"NODE_286_length_226_cov_248.565",612.719947,FALSE,"noCluster"
"NODE_287_length_225_cov_171.594",369.008015,FALSE,"noCluster"
"NODE_288_length_224_cov_50.3298",109.247854,FALSE,"noCluster"
"NODE_289_length_224_cov_55.644",122.326822,FALSE,"noCluster"
"NODE_290_length_224_cov_35.623",79.4355,FALSE,"noCluster"
"NODE_291_length_223_cov_92.1737",206.894134,FALSE,"noCluster"
"NODE_292_length_223_cov_91.3158",214.9042,FALSE,"noCluster"
"NODE_293_length_222_cov_44.4286",96.234056,FALSE,"noCluster"
"NODE_294_length_222_cov_58.963",140.680301,FALSE,"noCluster"
"NODE_295_length_222_cov_23.2169",57.938854,FALSE,"noCluster"
"NODE_296_length_222_cov_84.0635",190.682326,FALSE,"noCluster"
"NODE_297_length_222_cov_32.2487",83.138288,FALSE,"noCluster"
"NODE_298_length_221_cov_26.9096",60.650695,FALSE,"noCluster"
"NODE_299_length_221_cov_27.1862",64.882139,FALSE,"noCluster"
"NODE_300_length_221_cov_27.1968",81.606417,FALSE,"noCluster"
"NODE_301_length_220_cov_24.8182",56.26416,FALSE,"noCluster"
"NODE_302_length_220_cov_23.8717",55.241175,FALSE,"noCluster"
"NODE_303_length_219_cov_49.9839",110.091235,FALSE,"noCluster"
"NODE_304_length_219_cov_30.2419",67.924214,FALSE,"noCluster"
"NODE_305_length_219_cov_69.0914",160.982466,FALSE,"noCluster"
"NODE_306_length_219_cov_86.5753",205.849837,FALSE,"noCluster"
"NODE_307_length_219_cov_30.3441",72.28632,FALSE,"noCluster"
"NODE_308_length_219_cov_179.72",416.477217,FALSE,"noCluster"
"NODE_309_length_219_cov_22.4355",56.084214,FALSE,"noCluster"
"NODE_310_length_218_cov_47.6865",110.281948,FALSE,"noCluster"
"NODE_311_length_218_cov_52.8054",123.777253,FALSE,"noCluster"
"NODE_312_length_218_cov_33.4378",76.754549,FALSE,"noCluster"
"NODE_313_length_218_cov_29.3676",68.952576,FALSE,"noCluster"
"NODE_314_length_218_cov_23.1081",58.620232,FALSE,"noCluster"
"NODE_315_length_218_cov_67.8757",155.617739,FALSE,"noCluster"
"NODE_316_length_218_cov_83.2649",189.777731,FALSE,"noCluster"
"NODE_317_length_218_cov_165.276",376.181635,FALSE,"noCluster"
"NODE_318_length_218_cov_11.1946",30.997029,FALSE,"noCluster"
"NODE_319_length_217_cov_24.4728",55.862136,FALSE,"noCluster"
"NODE_320_length_217_cov_48.587",114.720709,FALSE,"noCluster"
"NODE_321_length_217_cov_27.7065",66.777726,FALSE,"noCluster"
"NODE_322_length_217_cov_29.4565",66.563695,FALSE,"noCluster"
"NODE_323_length_217_cov_83.9348",196.480618,FALSE,"noCluster"
"NODE_324_length_217_cov_102.109",245.921819,FALSE,"noCluster"
"NODE_325_length_216_cov_25.4262",59.518314,FALSE,"noCluster"
"NODE_326_length_216_cov_24.8142",57.997773,FALSE,"noCluster"
"NODE_327_length_216_cov_41.623",97.531836,FALSE,"noCluster"
"NODE_328_length_216_cov_32.0437",77.764804,FALSE,"noCluster"
"NODE_329_length_215_cov_29.2967",82.00023,FALSE,"noCluster"
"NODE_330_length_215_cov_27.9121",79.575492,FALSE,"noCluster"
"NODE_331_length_214_cov_22.8895",53.008063,FALSE,"noCluster"
"NODE_332_length_214_cov_23.0221",58.152306,FALSE,"noCluster"
"NODE_333_length_214_cov_24.8122",60.836258,FALSE,"noCluster"
"NODE_334_length_214_cov_214.282",515.095232,FALSE,"noCluster"
"NODE_335_length_213_cov_80.6",191.743873,FALSE,"noCluster"
"NODE_336_length_213_cov_110.583",268.441423,FALSE,"noCluster"
"NODE_337_length_213_cov_482.739",1168.162675,FALSE,"noCluster"
"NODE_338_length_213_cov_887.567",1284.381968,FALSE,"noCluster"
"NODE_339_length_213_cov_106.739",254.599557,FALSE,"noCluster"
"NODE_340_length_213_cov_70.5833",178.582756,FALSE,"noCluster"
"NODE_341_length_212_cov_15.1453",35.679419,FALSE,"noCluster"
"NODE_342_length_212_cov_46.352",109.800536,FALSE,"noCluster"
"NODE_343_length_212_cov_17.5642",41.664354,FALSE,"noCluster"
"NODE_344_length_212_cov_45.0335",105.887309,FALSE,"noCluster"
"NODE_345_length_212_cov_54.3687",139.725211,FALSE,"noCluster"
"NODE_346_length_212_cov_59.2235",147.781854,FALSE,"noCluster"
"NODE_347_length_212_cov_10.2626",26.241638,FALSE,"noCluster"
"NODE_348_length_212_cov_441.034",1080.741126,FALSE,"noCluster"
"NODE_349_length_211_cov_28.7191",74.248036,FALSE,"noCluster"
"NODE_350_length_211_cov_89.6798",222.977591,FALSE,"noCluster"
"NODE_351_length_211_cov_44.5674",115.574773,FALSE,"noCluster"
"NODE_352_length_210_cov_74.5989",181.861887,FALSE,"noCluster"
"NODE_353_length_210_cov_31.7627",79.327776,FALSE,"noCluster"
"NODE_354_length_210_cov_72.2034",180.441091,FALSE,"noCluster"
"NODE_355_length_210_cov_181.26",449.445132,FALSE,"noCluster"
"NODE_356_length_210_cov_31.7232",80.274973,FALSE,"noCluster"
"NODE_357_length_210_cov_29.9661",94.482933,FALSE,"noCluster"
"NODE_358_length_210_cov_104.898",252.191288,FALSE,"noCluster"
"NODE_359_length_210_cov_697.373",1731.239914,FALSE,"noCluster"
"NODE_360_length_210_cov_105.514",258.58487,FALSE,"noCluster"
"NODE_361_length_209_cov_38.0455",92.691872,FALSE,"noCluster"
"NODE_362_length_209_cov_39.2784",99.415635,FALSE,"noCluster"
"NODE_363_length_209_cov_49.2216",123.909342,FALSE,"noCluster"
"NODE_364_length_209_cov_25.5739",64.596149,FALSE,"noCluster"
"NODE_365_length_208_cov_27.1143",67.446536,FALSE,"noCluster"
"NODE_366_length_208_cov_58.2171",145.363112,FALSE,"noCluster"
"NODE_367_length_208_cov_95.7886",242.028363,FALSE,"noCluster"
"NODE_368_length_208_cov_14.4286",39.932245,FALSE,"noCluster"
"NODE_369_length_208_cov_421.474",1098.380229,FALSE,"noCluster"
"NODE_370_length_207_cov_18.3908",46.657266,FALSE,"noCluster"
"NODE_371_length_207_cov_26.2759",70.10933,FALSE,"noCluster"
"NODE_372_length_207_cov_56.0287",139.971797,FALSE,"noCluster"
"NODE_373_length_207_cov_105.31",274.018861,FALSE,"noCluster"
"NODE_374_length_207_cov_74.1322",180.210602,FALSE,"noCluster"
"NODE_375_length_207_cov_69.7931",175.026462,FALSE,"noCluster"
"NODE_376_length_207_cov_48.2414",130.097243,FALSE,"noCluster"
"NODE_377_length_207_cov_86.9425",222.424319,FALSE,"noCluster"
"NODE_378_length_207_cov_58.9483",148.118303,FALSE,"noCluster"
"NODE_379_length_207_cov_49.1724",132.319018,FALSE,"noCluster"
"NODE_380_length_207_cov_69.954",180.457466,FALSE,"noCluster"
"NODE_381_length_206_cov_19.7919",52.053615,FALSE,"noCluster"
"NODE_382_length_206_cov_171.751",431.944903,FALSE,"noCluster"
"NODE_383_length_206_cov_108.815",298.056998,FALSE,"noCluster"
"NODE_384_length_205_cov_30.7791",79.398975,FALSE,"noCluster"
"NODE_385_length_205_cov_16.7326",45.15341,FALSE,"noCluster"
"NODE_386_length_205_cov_93.2093",251.134137,FALSE,"noCluster"
"NODE_387_length_205_cov_125.831",326.728049,FALSE,"noCluster"
"NODE_388_length_205_cov_17.3605",47.436448,FALSE,"noCluster"
"NODE_389_length_204_cov_27.0877",71.988798,FALSE,"noCluster"
"NODE_390_length_204_cov_110.287",281.270518,FALSE,"noCluster"
"NODE_391_length_203_cov_68.6412",179.781952,FALSE,"noCluster"
"NODE_392_length_203_cov_32.5235",89.630422,FALSE,"noCluster"
"NODE_393_length_203_cov_91.7647",241.793698,FALSE,"noCluster"
"NODE_394_length_203_cov_91.0059",233.977091,FALSE,"noCluster"
"NODE_395_length_203_cov_16.0353",43.512443,FALSE,"noCluster"
"NODE_396_length_203_cov_74.3176",197.499594,FALSE,"noCluster"
"NODE_397_length_203_cov_154.624",406.984651,FALSE,"noCluster"
"NODE_398_length_203_cov_32.4353",96.404815,FALSE,"noCluster"
"NODE_399_length_203_cov_45.7235",119.072974,FALSE,"noCluster"
"NODE_400_length_203_cov_1557.75",3013.562402,FALSE,"noCluster"
"NODE_401_length_202_cov_35.9645",90.559798,FALSE,"noCluster"
"NODE_402_length_202_cov_15.0059",40.131456,FALSE,"noCluster"
"NODE_403_length_202_cov_63.8994",160.789846,FALSE,"noCluster"
"NODE_404_length_202_cov_30.9408",79.206821,FALSE,"noCluster"
"NODE_405_length_202_cov_14.7515",40.131456,FALSE,"noCluster"
"NODE_406_length_202_cov_52.2367",139.139982,FALSE,"noCluster"
"NODE_407_length_202_cov_36.2722",95.840253,FALSE,"noCluster"
"NODE_408_length_202_cov_31.2781",83.431184,FALSE,"noCluster"
"NODE_409_length_202_cov_144.183",379.664694,FALSE,"noCluster"
"NODE_410_length_201_cov_21.0774",55.107097,FALSE,"noCluster"
"NODE_411_length_201_cov_38.006",103.793949,FALSE,"noCluster"
"NODE_412_length_201_cov_84.9226",226.313611,FALSE,"noCluster"
"NODE_413_length_201_cov_47.119",121.717131,FALSE,"noCluster"
"NODE_414_length_201_cov_61.869",166.658841,FALSE,"noCluster"
"NODE_415_length_201_cov_64.0655",177.626758,FALSE,"noCluster"
"NODE_416_length_201_cov_116.804",307.369195,FALSE,"noCluster"
"NODE_417_length_201_cov_31.1369",81.323094,FALSE,"noCluster"
"NODE_418_length_201_cov_35.506",91.488481,FALSE,"noCluster"
"NODE_419_length_201_cov_42.4286",114.494356,FALSE,"noCluster"
"NODE_420_length_201_cov_290.661",802.263024,FALSE,"noCluster"
"NODE_421_length_200_cov_19.4431",51.492977,FALSE,"noCluster"
"NODE_422_length_200_cov_28.0659",77.781497,FALSE,"noCluster"
"NODE_423_length_200_cov_28.1437",74.529309,FALSE,"noCluster"
"NODE_424_length_200_cov_63.7126",171.823933,FALSE,"noCluster"
"NODE_425_length_200_cov_35.7066",95.668531,FALSE,"noCluster"
"NODE_426_length_200_cov_104.048",274.538871,FALSE,"noCluster"
"NODE_427_length_200_cov_27.7485",74.800324,FALSE,"noCluster"
"NODE_428_length_200_cov_137.06",368.039277,FALSE,"noCluster"
"NODE_429_length_200_cov_58.018",161.525338,FALSE,"noCluster"
"NODE_430_length_200_cov_18.9102",54.745165,FALSE,"noCluster"
"NODE_431_length_200_cov_171.539",466.146949,FALSE,"noCluster"
"NODE_432_length_200_cov_326.15",1022.81313,FALSE,"noCluster"
"NODE_433_length_199_cov_50.8554",134.524108,FALSE,"noCluster"
"NODE_434_length_199_cov_73.3133",194.648147,FALSE,"noCluster"
"NODE_435_length_199_cov_26.2169",73.027373,FALSE,"noCluster"
"NODE_436_length_199_cov_62.0723",171.586872,FALSE,"noCluster"
"NODE_437_length_199_cov_895.717",2029.466663,FALSE,"noCluster"
"NODE_438_length_198_cov_124.539",333.417865,FALSE,"noCluster"
"NODE_439_length_198_cov_45.2121",121.52094,FALSE,"noCluster"
"NODE_440_length_198_cov_72.1455",194.655968,FALSE,"noCluster"
"NODE_441_length_198_cov_29.9212",90.932145,FALSE,"noCluster"
"NODE_442_length_198_cov_62.4909",172.687651,FALSE,"noCluster"
"NODE_443_length_198_cov_64.0606",176.024611,FALSE,"noCluster"
"NODE_444_length_198_cov_15.6545",45.048953,FALSE,"noCluster"
"NODE_445_length_198_cov_12.5636",36.706554,FALSE,"noCluster"
"NODE_446_length_198_cov_45.9758",128.194859,FALSE,"noCluster"
"NODE_447_length_198_cov_63.6182",169.628772,FALSE,"noCluster"
"NODE_448_length_198_cov_21.4667",60.06527,FALSE,"noCluster"
"NODE_449_length_197_cov_29.4573",80.266928,FALSE,"noCluster"
"NODE_450_length_197_cov_49.2683",131.525106,FALSE,"noCluster"
"NODE_451_length_197_cov_24.9817",73.789246,FALSE,"noCluster"
"NODE_452_length_197_cov_132.329",366.411484,FALSE,"noCluster"
"NODE_453_length_197_cov_34.5427",95.757037,FALSE,"noCluster"
"NODE_454_length_197_cov_102.098",275.723938,FALSE,"noCluster"
"NODE_455_length_197_cov_30.439",83.083311,FALSE,"noCluster"
"NODE_456_length_197_cov_21.8598",69.001394,FALSE,"noCluster"
"NODE_457_length_196_cov_85.1595",229.312027,FALSE,"noCluster"
"NODE_458_length_196_cov_43.0061",118.078581,FALSE,"noCluster"
"NODE_459_length_196_cov_24.2945",67.310496,FALSE,"noCluster"
"NODE_460_length_196_cov_88.4294",242.717084,FALSE,"noCluster"
"NODE_461_length_196_cov_57.865",165.138885,FALSE,"noCluster"
"NODE_462_length_196_cov_31.6074",88.131115,FALSE,"noCluster"
"NODE_463_length_195_cov_28.1975",78.266595,FALSE,"noCluster"
"NODE_464_length_195_cov_43.4691",117.544296,FALSE,"noCluster"
"NODE_465_length_195_cov_22.6975",60.071778,FALSE,"noCluster"
"NODE_466_length_195_cov_120.241",336.459717,FALSE,"noCluster"
"NODE_467_length_195_cov_37.9383",103.681578,FALSE,"noCluster"
"NODE_468_length_195_cov_30.3086",82.021081,FALSE,"noCluster"
"NODE_469_length_195_cov_25.2531",71.046429,FALSE,"noCluster"
"NODE_470_length_194_cov_39.0062",105.854639,FALSE,"noCluster"
"NODE_471_length_194_cov_40.2112",111.702962,FALSE,"noCluster"
"NODE_472_length_194_cov_100.876",294.170628,FALSE,"noCluster"
"NODE_473_length_194_cov_32.5776",91.233833,FALSE,"noCluster"
"NODE_474_length_194_cov_134.522",377.509225,FALSE,"noCluster"
"NODE_475_length_194_cov_102",288.907137,FALSE,"noCluster"
"NODE_476_length_194_cov_61.8199",169.601356,FALSE,"noCluster"
"NODE_477_length_193_cov_60.6875",170.816407,FALSE,"noCluster"
"NODE_478_length_193_cov_67.325",189.171029,FALSE,"noCluster"
"NODE_479_length_193_cov_45.5875",131.738823,FALSE,"noCluster"
"NODE_480_length_193_cov_84.1125",246.011151,FALSE,"noCluster"
"NODE_481_length_193_cov_26.1125",82.299759,FALSE,"noCluster"
"NODE_482_length_192_cov_6.13208",17.381727,FALSE,"noCluster"
"NODE_483_length_192_cov_18.6101",52.145181,FALSE,"noCluster"
"NODE_484_length_192_cov_35.8239",100.094772,FALSE,"noCluster"
"NODE_485_length_192_cov_31.6352",90.504854,FALSE,"noCluster"
"NODE_486_length_192_cov_84.044",232.555518,FALSE,"noCluster"
"NODE_487_length_192_cov_44.9434",121.372403,FALSE,"noCluster"
"NODE_488_length_192_cov_62.6855",179.211598,FALSE,"noCluster"
"NODE_489_length_192_cov_16.8553",49.747701,FALSE,"noCluster"
"NODE_490_length_192_cov_81.9497",241.845752,FALSE,"noCluster"
"NODE_491_length_192_cov_38.9623",166.325145,FALSE,"noCluster"
"NODE_492_length_191_cov_20.443",56.725308,FALSE,"noCluster"
"NODE_493_length_191_cov_44.3671",122.550933,FALSE,"noCluster"
"NODE_494_length_191_cov_24.3354",69.465752,FALSE,"noCluster"
"NODE_495_length_191_cov_14.0759",37.614643,FALSE,"noCluster"
"NODE_496_length_191_cov_31.1835",96.160014,FALSE,"noCluster"
"NODE_497_length_191_cov_35.1203",98.586765,FALSE,"noCluster"
"NODE_498_length_191_cov_53.3354",152.581978,FALSE,"noCluster"
"NODE_499_length_191_cov_12.3544",35.187892,FALSE,"noCluster"
"NODE_500_length_191_cov_64.3734",175.636114,FALSE,"noCluster"
"NODE_501_length_191_cov_21.3608",60.668779,FALSE,"noCluster"
"NODE_502_length_191_cov_49.6203",142.268286,FALSE,"noCluster"
"NODE_503_length_191_cov_39.7468",118.000774,FALSE,"noCluster"
"NODE_504_length_191_cov_33.9937",97.070046,FALSE,"noCluster"
"NODE_505_length_191_cov_105.31",304.557269,FALSE,"noCluster"
"NODE_506_length_190_cov_25.5414",73.070513,FALSE,"noCluster"
"NODE_507_length_190_cov_35.6433",101.930296,FALSE,"noCluster"
"NODE_508_length_190_cov_29.172",86.579348,FALSE,"noCluster"
"NODE_509_length_190_cov_19.0637",54.035338,FALSE,"noCluster"
"NODE_510_length_190_cov_23.535",69.079267,FALSE,"noCluster"
"NODE_511_length_190_cov_128.739",367.808719,FALSE,"noCluster"
"NODE_512_length_190_cov_74.2293",219.518559,FALSE,"noCluster"
"NODE_513_length_190_cov_30.586",121.272491,FALSE,"noCluster"
"NODE_514_length_190_cov_51.8344",146.755065,FALSE,"noCluster"
"NODE_515_length_189_cov_15.3141",43.499398,FALSE,"noCluster"
"NODE_516_length_189_cov_28.4038",80.163177,FALSE,"noCluster"
"NODE_517_length_189_cov_18.9936",54.063538,FALSE,"noCluster"
"NODE_518_length_189_cov_103.929",303.252947,FALSE,"noCluster"
"NODE_519_length_189_cov_63.6987",176.483273,FALSE,"noCluster"
"NODE_520_length_189_cov_89.7949",255.714319,FALSE,"noCluster"
"NODE_521_length_188_cov_11.5935",34.271431,FALSE,"noCluster"
"NODE_522_length_188_cov_22.8516",63.826609,FALSE,"noCluster"
"NODE_523_length_188_cov_131.465",370.697401,FALSE,"noCluster"
"NODE_524_length_188_cov_24.0323",72.63028,FALSE,"noCluster"
"NODE_525_length_188_cov_38.5613",122.308133,FALSE,"noCluster"
"NODE_526_length_188_cov_26.3613",72.944696,FALSE,"noCluster"
"NODE_527_length_188_cov_9.43871",37.345761,FALSE,"noCluster"
"NODE_528_length_187_cov_36.9545",104.349665,FALSE,"noCluster"
"NODE_529_length_187_cov_29.7403",86.852008,FALSE,"noCluster"
"NODE_530_length_187_cov_101.019",305.095514,FALSE,"noCluster"
"NODE_531_length_187_cov_30.2857",88.760843,FALSE,"noCluster"
"NODE_532_length_187_cov_26.0909",78.580388,FALSE,"noCluster"
"NODE_533_length_187_cov_106.013",286.3253,FALSE,"noCluster"
"NODE_534_length_187_cov_43.3377",127.891967,FALSE,"noCluster"
"NODE_535_length_187_cov_26.2468",77.307831,FALSE,"noCluster"
"NODE_536_length_186_cov_27.5817",79.825523,FALSE,"noCluster"
"NODE_537_length_186_cov_36",103.000675,FALSE,"noCluster"
"NODE_538_length_186_cov_65.5556",195.379405,FALSE,"noCluster"
"NODE_539_length_186_cov_38.4641",115.553882,FALSE,"noCluster"
"NODE_540_length_186_cov_27.6601",81.434908,FALSE,"noCluster"
"NODE_541_length_186_cov_44.5556",126.175826,FALSE,"noCluster"
"NODE_542_length_186_cov_22.9935",69.203578,FALSE,"noCluster"
"NODE_543_length_186_cov_50.9673",149.994732,FALSE,"noCluster"
"NODE_544_length_186_cov_22.8235",67.272316,FALSE,"noCluster"
"NODE_545_length_186_cov_35.3137",107.185077,FALSE,"noCluster"
"NODE_546_length_186_cov_92.4706",271.342402,FALSE,"noCluster"
"NODE_547_length_186_cov_39.0523",124.566441,FALSE,"noCluster"
"NODE_548_length_186_cov_72.3987",212.760769,FALSE,"noCluster"
"NODE_549_length_186_cov_178.588",538.178525,FALSE,"noCluster"
"NODE_550_length_185_cov_16.9737",47.542023,FALSE,"noCluster"
"NODE_551_length_185_cov_16.4145",45.588241,FALSE,"noCluster"
"NODE_552_length_185_cov_45.4342",137.415985,FALSE,"noCluster"
"NODE_553_length_185_cov_61.2171",178.771032,FALSE,"noCluster"
"NODE_554_length_185_cov_47.5132",137.090354,FALSE,"noCluster"
"NODE_555_length_185_cov_126.316",370.892907,FALSE,"noCluster"
"NODE_556_length_185_cov_960.046",2869.779794,FALSE,"noCluster"
"NODE_557_length_185_cov_64.4803",212.310953,FALSE,"noCluster"
"NODE_558_length_184_cov_9.21854",26.022492,FALSE,"noCluster"
"NODE_559_length_184_cov_12.2583",35.575052,FALSE,"noCluster"
"NODE_560_length_184_cov_41.8278",123.853885,FALSE,"noCluster"
"NODE_561_length_184_cov_14.5894",40.516031,FALSE,"noCluster"
"NODE_562_length_184_cov_42.5364",125.830277,FALSE,"noCluster"
"NODE_563_length_184_cov_51.0331",153.499761,FALSE,"noCluster"
"NODE_564_length_184_cov_179.768",523.743821,FALSE,"noCluster"
"NODE_565_length_184_cov_26.6954",78.726272,FALSE,"noCluster"
"NODE_566_length_184_cov_64.1656",192.3688,FALSE,"noCluster"
"NODE_567_length_184_cov_73.3841",216.4149,FALSE,"noCluster"
"NODE_568_length_184_cov_32.457",96.1844,FALSE,"noCluster"
"NODE_569_length_184_cov_143.219",415.042273,FALSE,"noCluster"
"NODE_570_length_184_cov_63.9139",195.992185,FALSE,"noCluster"
"NODE_571_length_178_cov_38.131",140.9274,FALSE,"noCluster"
"NODE_572_length_175_cov_50.6408",153.59594,FALSE,"noCluster"
"NODE_573_length_160_cov_44.8504",142.476255,FALSE,"noCluster"
"NODE_574_length_160_cov_13.1732",54.700705,FALSE,"noCluster"
"NODE_575_length_159_cov_29.8968",86.91288,FALSE,"noCluster"
"NODE_577_length_148_cov_280.783",1011.620295,FALSE,"noCluster"
"NODE_578_length_141_cov_94.8519",566.05334,FALSE,"noCluster"
"NODE_579_length_141_cov_72.6296",273.130221,FALSE,"noCluster"
"NODE_580_length_140_cov_524.327",2004.031338,FALSE,"noCluster"
"NODE_581_length_133_cov_57.5",161.147614,FALSE,"noCluster"
"NODE_582_length_133_cov_388.11",189.198481,FALSE,"noCluster"
"NODE_583_length_128_cov_31.6526",102.122712,FALSE,"noCluster"
"NODE_584_length_127_cov_12.4574",43.549417,FALSE,"noCluster"
"NODE_585_length_125_cov_8.26087",21.832291,FALSE,"noCluster"
"NODE_586_length_125_cov_226.902",510.75069,FALSE,"noCluster"
"NODE_589_length_117_cov_39",131.926615,FALSE,"noCluster"
"NODE_590_length_117_cov_385.774",928.372474,FALSE,"noCluster"
"NODE_591_length_114_cov_2074.91",2711.431001,FALSE,"noCluster"
"NODE_592_length_113_cov_83.8125",404.210912,FALSE,"noCluster"
"NODE_593_length_111_cov_25.141",77.881405,FALSE,"noCluster"
"NODE_598_length_106_cov_51.4384",723.932422,FALSE,"noCluster"
"NODE_600_length_104_cov_24.4789",73.812552,FALSE,"noCluster"
"NODE_601_length_104_cov_184.169",579.202907,FALSE,"noCluster"
"NODE_605_length_100_cov_45.403",129.010554,FALSE,"noCluster"
"NODE_607_length_98_cov_5408.52",25863.633937,FALSE,"noCluster"
"NODE_608_length_98_cov_97.6615",511.904776,FALSE,"noCluster"
"NODE_614_length_93_cov_1633.27",2108.089358,FALSE,"noCluster"
"NODE_615_length_92_cov_74.2034",185.96221,FALSE,"noCluster"
"NODE_616_length_92_cov_1556.98",27214.365294,FALSE,"noCluster"
"NODE_618_length_91_cov_64.2759",164.908208,FALSE,"noCluster"
"NODE_621_length_90_cov_47.9474",105.498884,FALSE,"noCluster"
"NODE_624_length_90_cov_532.386",1746.387445,FALSE,"noCluster"
"NODE_625_length_90_cov_2532.68",10081.372436,FALSE,"noCluster"
"NODE_626_length_89_cov_1535.98",5586.439082,FALSE,"noCluster"
"NODE_629_length_88_cov_12584.5",19007.867625,FALSE,"noCluster"
"NODE_633_length_88_cov_728.291",5123.871648,FALSE,"noCluster"
"NODE_634_length_87_cov_4.77778",12.789082,FALSE,"noCluster"
"NODE_644_length_87_cov_3551.93",7228.920541,FALSE,"noCluster"
"NODE_645_length_86_cov_6.88679",18.929155,FALSE,"noCluster"
"NODE_647_length_86_cov_19275.1",9169.521299,FALSE,"noCluster"
"NODE_653_length_85_cov_6037.31",24379.083987,FALSE,"noCluster"
"NODE_659_length_84_cov_9444.2",1783.760188,FALSE,"noCluster"
"NODE_661_length_84_cov_49656.8",81011.405417,FALSE,"noCluster"
"NODE_662_length_84_cov_9656.37",9526.493839,FALSE,"noCluster"
"NODE_664_length_83_cov_10640.3",152353.801005,FALSE,"noCluster"
"NODE_665_length_83_cov_69.48",321.07919,FALSE,"noCluster"
"NODE_666_length_83_cov_75052.1",28687.332216,FALSE,"noCluster"
"NODE_668_length_83_cov_7867.3",4215.365089,FALSE,"noCluster"
"NODE_669_length_83_cov_391.06",17371.42585,FALSE,"noCluster"
"NODE_670_length_83_cov_661.14",5197.619707,FALSE,"noCluster"
"NODE_673_length_83_cov_9670.82",2181.828347,FALSE,"noCluster"
"NODE_675_length_83_cov_62398.8",28702.442402,FALSE,"noCluster"
"NODE_678_length_83_cov_9415.74",78694.686019,FALSE,"noCluster"
"NODE_687_length_82_cov_206.327",143.385277,FALSE,"noCluster"
"NODE_693_length_82_cov_6535.82",7063.800126,FALSE,"noCluster"
"NODE_695_length_82_cov_837.041",3110.620102,FALSE,"noCluster"
"NODE_699_length_82_cov_8512.71",4845.962211,FALSE,"noCluster"
"NODE_702_length_82_cov_8812.45",27112.266535,FALSE,"noCluster"
"NODE_705_length_81_cov_10.5833",22.667708,FALSE,"noCluster"
"NODE_706_length_81_cov_148.583",360.338388,FALSE,"noCluster"
"NODE_707_length_81_cov_2.39583",3.908225,FALSE,"noCluster"
"NODE_713_length_81_cov_3001.23",7993.336639,FALSE,"noCluster"
"NODE_716_length_81_cov_1683.92",2390.220248,FALSE,"noCluster"
"NODE_728_length_80_cov_1614.11",5584.448437,FALSE,"noCluster"
"NODE_729_length_80_cov_41.617",128.997374,FALSE,"noCluster"
"NODE_732_length_80_cov_358.957",1465.417594,FALSE,"noCluster"
"NODE_734_length_80_cov_7693.4",12982.312518,FALSE,"noCluster"
"NODE_736_length_80_cov_1672.6",4690.994159,FALSE,"noCluster"
"NODE_737_length_80_cov_409.596",4384.216951,FALSE,"noCluster"
"NODE_739_length_80_cov_5735.23",12785.93781,FALSE,"noCluster"
"NODE_744_length_79_cov_3587.39",5687.759288,FALSE,"noCluster"
"NODE_753_length_79_cov_70.1739",243.763888,FALSE,"noCluster"
"NODE_762_length_78_cov_208.778",931.842712,FALSE,"noCluster"
"NODE_767_length_78_cov_1509.53",7284.98207,FALSE,"noCluster"
"NODE_775_length_78_cov_177.356",599.72407,FALSE,"noCluster"
"NODE_779_length_78_cov_2499.91",55321.80548,FALSE,"noCluster"
"NODE_789_length_77_cov_26.0455",52.892333,FALSE,"noCluster"
"NODE_794_length_77_cov_919.932",2145.271138,FALSE,"noCluster"
"NODE_806_length_77_cov_2804.25",22922.465164,FALSE,"noCluster"
"NODE_821_length_76_cov_403.093",2630.399947,FALSE,"noCluster"
"NODE_823_length_76_cov_15.5581",31.448084,FALSE,"noCluster"
"NODE_837_length_76_cov_492.326",8481.307253,FALSE,"noCluster"
"NODE_848_length_75_cov_3.54762",6.490662,FALSE,"noCluster"
"NODE_851_length_75_cov_46.7143",13.802752,FALSE,"noCluster"
"NODE_857_length_75_cov_28.4286",62.472619,FALSE,"noCluster"
"NODE_876_length_74_cov_158.22",474.765284,FALSE,"noCluster"
"NODE_894_length_74_cov_2080.93",8610.105987,FALSE,"noCluster"
"NODE_895_length_74_cov_4115.9",8831.340085,FALSE,"noCluster"
"NODE_906_length_73_cov_406.675",1843.547362,FALSE,"noCluster"
"NODE_908_length_73_cov_4424.18",2782.996022,FALSE,"noCluster"
"NODE_914_length_73_cov_86.925",468.952725,FALSE,"noCluster"
"NODE_924_length_73_cov_133.05",54.835591,FALSE,"noCluster"
"NODE_930_length_73_cov_187.125",670.94169,FALSE,"noCluster"
"NODE_936_length_72_cov_75.9744",147.908445,FALSE,"noCluster"
"NODE_937_length_72_cov_14.4872",28.094342,FALSE,"noCluster"
"NODE_939_length_72_cov_24.6667",39.6626,FALSE,"noCluster"
"NODE_941_length_72_cov_15.9487",33.052166,FALSE,"noCluster"
"NODE_942_length_72_cov_2633.77",22572.898348,FALSE,"noCluster"
"NODE_953_length_72_cov_114.436",1077.069007,FALSE,"noCluster"
"NODE_980_length_71_cov_1101",174.596317,FALSE,"noCluster"
"NODE_982_length_71_cov_4556.26",2198.981712,FALSE,"noCluster"
"NODE_994_length_70_cov_66.0541",115.421972,FALSE,"noCluster"
"NODE_998_length_70_cov_1951.68",5008.086534,FALSE,"noCluster"
"NODE_1003_length_70_cov_933.514",579.664643,FALSE,"noCluster"
"NODE_1004_length_70_cov_285.622",403.112179,FALSE,"noCluster"
"NODE_1007_length_70_cov_661.703",1097.665099,FALSE,"noCluster"
"NODE_1013_length_69_cov_24.5278",37.861225,FALSE,"noCluster"
"NODE_1014_length_69_cov_2.61111",5.048163,FALSE,"noCluster"
"NODE_1015_length_69_cov_15.9722",29.447619,FALSE,"noCluster"
"NODE_1016_length_69_cov_37.7222",108.535511,FALSE,"noCluster"
"NODE_1017_length_69_cov_17.5556",35.337143,FALSE,"noCluster"
"NODE_1032_length_68_cov_213.686",137.133528,FALSE,"noCluster"
"NODE_1043_length_67_cov_46.7941",284.382725,FALSE,"noCluster"
"NODE_1049_length_67_cov_75.7059",1179.016217,FALSE,"noCluster"
"NODE_1056_length_67_cov_123.618",4792.132828,FALSE,"noCluster"
"NODE_1061_length_67_cov_243.824",517.154639,FALSE,"noCluster"
"NODE_1063_length_67_cov_55.1176",177.664924,FALSE,"noCluster"
"NODE_1075_length_67_cov_85.8235",462.258822,FALSE,"noCluster"
"NODE_1086_length_67_cov_68.2353",152.408706,FALSE,"noCluster"
"NODE_1095_length_67_cov_50.3529",111.024642,FALSE,"noCluster"
"NODE_1098_length_66_cov_17.9697",29.977563,FALSE,"noCluster"
"NODE_1099_length_66_cov_33.4242",55.672616,FALSE,"noCluster"
"NODE_1102_length_66_cov_115.303",1042.485093,FALSE,"noCluster"
"NODE_1103_length_66_cov_33.5455",190.999898,FALSE,"noCluster"
"NODE_1112_length_66_cov_113.273",240.677002,FALSE,"noCluster"
"NODE_1117_length_65_cov_41.3438",69.786984,FALSE,"noCluster"
"NODE_1122_length_65_cov_2140.56",4399.848227,FALSE,"noCluster"
"NODE_1124_length_65_cov_34.4375",439.843331,FALSE,"noCluster"
"NODE_1133_length_64_cov_19.0645",20.799433,FALSE,"noCluster"
"NODE_1136_length_64_cov_52.3226",73.418215,FALSE,"noCluster"
"NODE_1138_length_64_cov_50.5484",54.590107,FALSE,"noCluster"
"NODE_1146_length_64_cov_381.613",351.979951,FALSE,"noCluster"
"NODE_1147_length_64_cov_25.9032",63.264943,FALSE,"noCluster"
"NODE_1150_length_64_cov_571.419",2163.805895,FALSE,"noCluster"
"NODE_1155_length_63_cov_12.1667",12.204189,FALSE,"noCluster"
"NODE_1156_length_63_cov_12.8333",20.04974,FALSE,"noCluster"
"NODE_1157_length_63_cov_10.8333",16.562828,FALSE,"noCluster"
"NODE_1158_length_63_cov_10.1333",15.691101,FALSE,"noCluster"
"NODE_1159_length_63_cov_19.0333",29.638746,FALSE,"noCluster"
"NODE_1160_length_63_cov_15.7667",24.408379,FALSE,"noCluster"
"NODE_1161_length_63_cov_14.6",23.536651,FALSE,"noCluster"
"NODE_1162_length_63_cov_13.7667",10.460734,FALSE,"noCluster"
"NODE_1163_length_63_cov_48.6",71.48168,FALSE,"noCluster"
"NODE_1164_length_63_cov_23.4",38.356024,FALSE,"noCluster"
"NODE_1166_length_63_cov_132.533",15.55378,FALSE,"noCluster"
"NODE_1173_length_63_cov_790.333",581.922707,FALSE,"noCluster"
"NODE_1188_length_62_cov_43.0345",62.254361,FALSE,"noCluster"
"NODE_1189_length_62_cov_22.1034",28.058303,FALSE,"noCluster"
"NODE_1190_length_62_cov_25.6552",19.290084,FALSE,"noCluster"
"NODE_1192_length_62_cov_39.2414",212.19092,FALSE,"noCluster"
"NODE_1200_length_62_cov_24.1724",35.949701,FALSE,"noCluster"
"NODE_1212_length_62_cov_3303.14",6013.190085,FALSE,"noCluster"
"NODE_1214_length_61_cov_16.0357",26.457767,FALSE,"noCluster"
"NODE_1215_length_61_cov_24.5",36.796813,FALSE,"noCluster"
"NODE_1217_length_61_cov_82.3571",113.157482,FALSE,"noCluster"
"NODE_1242_length_61_cov_32.1786",131.49353,FALSE,"noCluster"
"NODE_1243_length_60_cov_12.2222",18.62781,FALSE,"noCluster"
"NODE_1244_length_60_cov_6.77778",8.870386,FALSE,"noCluster"
"NODE_1245_length_60_cov_35.5926",60.318623,FALSE,"noCluster"
"NODE_1246_length_60_cov_154.296",683.687239,FALSE,"noCluster"
"NODE_1251_length_60_cov_166.963",299.480347,FALSE,"noCluster"
"NODE_1261_length_59_cov_8.46154",11.598093,FALSE,"noCluster"
"NODE_1262_length_59_cov_104.192",135.608472,FALSE,"noCluster"
"NODE_1264_length_59_cov_9.07692",18.735381,FALSE,"noCluster"
"NODE_1265_length_59_cov_139.385",172.187072,FALSE,"noCluster"
"NODE_1286_length_59_cov_63.9231",103.270911,FALSE,"noCluster"
"NODE_1288_length_59_cov_4543.19",6689.302815,FALSE,"noCluster"
"NODE_1297_length_58_cov_21.24",43.070056,FALSE,"noCluster"
"NODE_1298_length_58_cov_27.84",35.891713,FALSE,"noCluster"
"NODE_1331_length_57_cov_14.5833",19.85355,FALSE,"noCluster"
"NODE_1332_length_57_cov_17.0833",25.268154,FALSE,"noCluster"
"NODE_1333_length_57_cov_19.25",21.658418,FALSE,"noCluster"
"NODE_1334_length_57_cov_3.83333",1.804868,FALSE,"noCluster"
"NODE_1335_length_57_cov_4.70833",0.902434,FALSE,"noCluster"
"NODE_1336_length_57_cov_0.708333",0.902434,FALSE,"noCluster"
"NODE_1337_length_57_cov_3.54167",4.51217,FALSE,"noCluster"
"NODE_1338_length_57_cov_11.3333",14.438945,FALSE,"noCluster"
"NODE_1339_length_57_cov_24.7917",24.36572,FALSE,"noCluster"
"NODE_1340_length_57_cov_34.4583",43.316836,FALSE,"noCluster"
"NODE_1342_length_57_cov_25.2917",12.634077,FALSE,"noCluster"
"NODE_1343_length_57_cov_3.58333",8.121907,FALSE,"noCluster"
"NODE_1344_length_57_cov_54.5417",70.389858,FALSE,"noCluster"
"NODE_1345_length_57_cov_96.0417",110.999392,FALSE,"noCluster"
"NODE_1346_length_57_cov_9.79167",7.219473,FALSE,"noCluster"
"NODE_1347_length_57_cov_18.2917",17.146248,FALSE,"noCluster"
"NODE_1348_length_57_cov_38.9583",56.853347,FALSE,"noCluster"
"NODE_1349_length_57_cov_24.125",46.926572,FALSE,"noCluster"
"NODE_1361_length_57_cov_210.583",274.339966,FALSE,"noCluster"
"NODE_1380_length_56_cov_35.6087",74.421949,FALSE,"noCluster"
"NODE_1393_length_56_cov_785.652",3298.029439,FALSE,"noCluster"
"NODE_1400_length_55_cov_14.4091",17.342152,FALSE,"noCluster"
"NODE_1402_length_55_cov_162.909",144.213683,FALSE,"noCluster"
"NODE_1425_length_54_cov_4.2381",4.589572,FALSE,"noCluster"
"NODE_1426_length_54_cov_108.524",104.642234,FALSE,"noCluster"
"NODE_1427_length_54_cov_2.42857",2.753743,FALSE,"noCluster"
"NODE_1428_length_54_cov_11.0476",6.4254,FALSE,"noCluster"
"NODE_1451_length_53_cov_5.1",5.53856,FALSE,"noCluster"
"NODE_1452_length_53_cov_9.35",10.154026,FALSE,"noCluster"
"NODE_1453_length_53_cov_8.15",10.154026,FALSE,"noCluster"
"NODE_1454_length_53_cov_2840",4475.328739,FALSE,"noCluster"
"NODE_1455_length_53_cov_10.95",14.769492,FALSE,"noCluster"
"NODE_1457_length_53_cov_138.8",156.00276,FALSE,"noCluster"
"NODE_1459_length_53_cov_34.9",23.077331,FALSE,"noCluster"
"NODE_1480_length_53_cov_197.1",161.563832,FALSE,"noCluster"
"NODE_1482_length_53_cov_359.95",25.846611,FALSE,"noCluster"
"NODE_1489_length_52_cov_7.15789",6.497971,FALSE,"noCluster"
"NODE_1490_length_52_cov_1.78947",0,FALSE,"noCluster"
"NODE_1491_length_52_cov_14.8947",16.709069,FALSE,"noCluster"
"NODE_1510_length_52_cov_199.474",0.928282,FALSE,"noCluster"
"NODE_1524_length_52_cov_169.053",1200.565335,FALSE,"noCluster"
"NODE_1526_length_52_cov_2037.89",1324.676631,FALSE,"noCluster"
"NODE_1541_length_51_cov_8.05556",6.534356,FALSE,"noCluster"
"NODE_1542_length_51_cov_15.4444",16.802629,FALSE,"noCluster"
"NODE_1543_length_51_cov_27.2222",26.137423,FALSE,"noCluster"
"NODE_1544_length_51_cov_4.72222",16.802629,FALSE,"noCluster"
"NODE_1545_length_51_cov_18",15.86915,FALSE,"noCluster"
"NODE_1546_length_51_cov_28.2778",20.536547,FALSE,"noCluster"
"NODE_1547_length_51_cov_24.4444",24.270464,FALSE,"noCluster"
"NODE_1549_length_51_cov_21.7222",20.536547,FALSE,"noCluster"
"NODE_1550_length_51_cov_16.0556",12.135232,FALSE,"noCluster"
"NODE_1551_length_51_cov_32.1111",23.336985,FALSE,"noCluster"
"NODE_1552_length_51_cov_1.88889",1.866959,FALSE,"noCluster"
"NODE_1553_length_51_cov_49.5",56.942243,FALSE,"noCluster"
"NODE_1554_length_51_cov_85.0556",95.214898,FALSE,"noCluster"
"NODE_1555_length_51_cov_17.3889",14.002191,FALSE,"noCluster"
"NODE_1556_length_51_cov_15.2222",19.603067,FALSE,"noCluster"
"NODE_1557_length_51_cov_58.7222",14.93567,FALSE,"noCluster"
"NODE_1561_length_51_cov_39.2222",87.710396,FALSE,"noCluster"
"NODE_1582_length_50_cov_30.0588",30.037971,FALSE,"noCluster"
"NODE_1583_length_50_cov_15.9412",15.018986,FALSE,"noCluster"
"NODE_1584_length_50_cov_7.82353",5.63212,FALSE,"noCluster"
"NODE_1585_length_50_cov_17",10.325553,FALSE,"noCluster"
"NODE_1586_length_50_cov_11",10.325553,FALSE,"noCluster"
"NODE_1587_length_50_cov_15",8.448179,FALSE,"noCluster"
"NODE_1588_length_50_cov_14.9412",14.080299,FALSE,"noCluster"
"NODE_1589_length_50_cov_7.82353",7.509493,FALSE,"noCluster"
"NODE_1590_length_50_cov_19.7647",16.896359,FALSE,"noCluster"
"NODE_1610_length_49_cov_13.8125",5.66342,FALSE,"noCluster"
"NODE_1611_length_49_cov_15.875",14.158549,FALSE,"noCluster"
"NODE_1613_length_49_cov_0.9375",0.943903,FALSE,"noCluster"
"NODE_1614_length_49_cov_51",170.846493,FALSE,"noCluster"
"NODE_1615_length_49_cov_42.9375",33.036615,FALSE,"noCluster"
"NODE_1616_length_49_cov_46.1875",50.026874,FALSE,"noCluster"
"NODE_1617_length_49_cov_7.125",6.607323,FALSE,"noCluster"
"NODE_1618_length_49_cov_25.1875",21.709775,FALSE,"noCluster"
"NODE_1619_length_49_cov_8.4375",8.495129,FALSE,"noCluster"
"NODE_1620_length_49_cov_3.1875",2.83171,FALSE,"noCluster"
"NODE_1621_length_49_cov_26.5625",20.765872,FALSE,"noCluster"
"NODE_1622_length_49_cov_10.625",9.439033,FALSE,"noCluster"
"NODE_1623_length_49_cov_11.6875",10.382936,FALSE,"noCluster"
"NODE_1624_length_49_cov_7.4375",5.66342,FALSE,"noCluster"
"NODE_1625_length_49_cov_20.1875",17.934162,FALSE,"noCluster"
"NODE_1626_length_49_cov_8.5",7.551226,FALSE,"noCluster"
"NODE_1627_length_49_cov_86.5625",61.353713,FALSE,"noCluster"
"NODE_1628_length_49_cov_9.4375",5.66342,FALSE,"noCluster"
"NODE_1629_length_49_cov_20",10.382936,FALSE,"noCluster"
"NODE_1630_length_49_cov_30.375",2.83171,FALSE,"noCluster"
"NODE_1631_length_49_cov_36.4375",45.307357,FALSE,"noCluster"
"NODE_1632_length_49_cov_26.875",20.765872,FALSE,"noCluster"
"NODE_1633_length_49_cov_8.25",9.439033,FALSE,"noCluster"
"NODE_1635_length_49_cov_79.0625",82.119585,FALSE,"noCluster"
"NODE_1643_length_49_cov_43.375",77.400068,FALSE,"noCluster"
"NODE_1657_length_48_cov_6.4",5.694776,FALSE,"noCluster"
"NODE_1658_length_48_cov_1.6",0,FALSE,"noCluster"
"NODE_1659_length_48_cov_13.2667",11.389553,FALSE,"noCluster"
"NODE_1660_length_48_cov_12",11.389553,FALSE,"noCluster"
"NODE_1661_length_48_cov_22",0,FALSE,"noCluster"
"NODE_1662_length_48_cov_18.7333",11.389553,FALSE,"noCluster"
"NODE_1663_length_48_cov_1.06667",0.949129,FALSE,"noCluster"
"NODE_1664_length_48_cov_23.3333",13.287812,FALSE,"noCluster"
"NODE_1665_length_48_cov_5.66667",4.745647,FALSE,"noCluster"
"NODE_1666_length_48_cov_9.06667",7.593035,FALSE,"noCluster"
"NODE_1667_length_48_cov_26.0667",19.931717,FALSE,"noCluster"
"NODE_1668_length_48_cov_10.2",8.542165,FALSE,"noCluster"
"NODE_1669_length_48_cov_1.13333",0,FALSE,"noCluster"
"NODE_1670_length_48_cov_30.4667",0,FALSE,"noCluster"
"NODE_1671_length_48_cov_13.6",0,FALSE,"noCluster"
"NODE_1672_length_48_cov_11.8",9.491294,FALSE,"noCluster"
"NODE_1673_length_48_cov_66",60.744281,FALSE,"noCluster"
"NODE_1674_length_48_cov_25.4667",20.880847,FALSE,"noCluster"
"NODE_1675_length_48_cov_39.3333",33.219529,FALSE,"noCluster"
"NODE_1676_length_48_cov_46.5333",43.659952,FALSE,"noCluster"
"NODE_1677_length_48_cov_18.0667",15.18607,FALSE,"noCluster"
"NODE_1678_length_48_cov_29.1333",25.626494,FALSE,"noCluster"
"NODE_1679_length_48_cov_92.8667",57.896893,FALSE,"noCluster"
"NODE_1680_length_48_cov_7.6",0.949129,FALSE,"noCluster"
"NODE_1681_length_48_cov_62.2667",35.117788,FALSE,"noCluster"
"NODE_1682_length_48_cov_47.3333",33.219529,FALSE,"noCluster"
"NODE_1683_length_48_cov_12.6667",6.643906,FALSE,"noCluster"
"NODE_1684_length_48_cov_136.8",86.370775,FALSE,"noCluster"
"NODE_1685_length_48_cov_275.067",230.638443,FALSE,"noCluster"
"NODE_1686_length_48_cov_94.7333",58.846022,FALSE,"noCluster"
"NODE_1709_length_48_cov_3413.93",9072.413726,FALSE,"noCluster"
"NODE_1718_length_47_cov_11.7857",10.498015,FALSE,"noCluster"
"NODE_1719_length_47_cov_28.5714",0,FALSE,"noCluster"
"NODE_1720_length_47_cov_19.8571",13.36111,FALSE,"noCluster"
"NODE_1721_length_47_cov_9.5",7.63492,FALSE,"noCluster"
"NODE_1722_length_47_cov_1.21429",0.954365,FALSE,"noCluster"
"NODE_1723_length_47_cov_30.3571",0,FALSE,"noCluster"
"NODE_1724_length_47_cov_10.9286",8.589285,FALSE,"noCluster"
"NODE_1725_length_47_cov_12.1429",9.54365,FALSE,"noCluster"
"NODE_1726_length_47_cov_22.5",17.17857,FALSE,"noCluster"
"NODE_1727_length_47_cov_2.42857",1.90873,FALSE,"noCluster"
"NODE_1728_length_47_cov_12.5714",0,FALSE,"noCluster"
"NODE_1729_length_47_cov_23.3571",10.498015,FALSE,"noCluster"
"NODE_1730_length_47_cov_22.2143",19.0873,FALSE,"noCluster"
"NODE_1731_length_47_cov_169.929",125.976178,FALSE,"noCluster"
"NODE_1732_length_47_cov_157.143",126.930543,FALSE,"noCluster"
"NODE_1733_length_47_cov_20.0714",5.72619,FALSE,"noCluster"
"NODE_1734_length_47_cov_235.643",0,FALSE,"noCluster"
"NODE_1738_length_47_cov_25.1429",20.99603,FALSE,"noCluster"
"NODE_1742_length_46_cov_15.6923",15.353761,FALSE,"noCluster"
"NODE_1744_length_46_cov_39.4615",30.707522,FALSE,"noCluster"
"NODE_1745_length_46_cov_13.4615",4.79805,FALSE,"noCluster"
"NODE_1746_length_46_cov_24.4615",19.192201,FALSE,"noCluster"
"NODE_1747_length_46_cov_21.3846",15.353761,FALSE,"noCluster"
"NODE_1748_length_46_cov_1.30769",0.95961,FALSE,"noCluster"
"NODE_1749_length_46_cov_124.462",75.809195,FALSE,"noCluster"
"NODE_1750_length_46_cov_22.8462",17.272981,FALSE,"noCluster"
"NODE_1751_length_46_cov_73.3077",55.657384,FALSE,"noCluster"
"NODE_1752_length_46_cov_137.231",98.839837,FALSE,"noCluster"
"NODE_1753_length_46_cov_29.9231",31.667132,FALSE,"noCluster"
"NODE_1754_length_46_cov_75.4615",20.151811,FALSE,"noCluster"
"NODE_1757_length_46_cov_24.5385",212.073825,FALSE,"noCluster"
"NODE_1766_length_45_cov_1.33333",0.964865,FALSE,"noCluster"
"NODE_1767_length_45_cov_5",4.824323,FALSE,"noCluster"
"NODE_1768_length_45_cov_41.3333",2.51298,FALSE,"noCluster"
"NODE_1769_length_45_cov_9.75",8.683782,FALSE,"noCluster"
"NODE_1770_length_45_cov_13.75",9.648647,FALSE,"noCluster"
"NODE_1771_length_45_cov_65.9167",41.489181,FALSE,"noCluster"
"NODE_1772_length_45_cov_57",37.629722,FALSE,"noCluster"
"NODE_1773_length_45_cov_8",6.754053,FALSE,"noCluster"
"NODE_1774_length_45_cov_19.1667",11.578376,FALSE,"noCluster"
"NODE_1775_length_45_cov_24.4167",14.47297,FALSE,"noCluster"
"NODE_1776_length_45_cov_14.1667",9.648647,FALSE,"noCluster"
"NODE_1777_length_45_cov_34",23.156752,FALSE,"noCluster"
"NODE_1778_length_45_cov_4.25",1.929729,FALSE,"noCluster"
"NODE_1779_length_45_cov_8.5",5.789188,FALSE,"noCluster"
"NODE_1780_length_45_cov_13.9167",9.648647,FALSE,"noCluster"
"NODE_1781_length_45_cov_40",22.191887,FALSE,"noCluster"
"NODE_1782_length_45_cov_13.4167",0,FALSE,"noCluster"
"NODE_1783_length_45_cov_20.5833",15.437835,FALSE,"noCluster"
"NODE_1784_length_45_cov_25.9167",5.789188,FALSE,"noCluster"
"NODE_1785_length_45_cov_355.333",183.324287,FALSE,"noCluster"
"NODE_1786_length_45_cov_43.3333",26.051346,FALSE,"noCluster"
"NODE_1787_length_45_cov_42.4167",0,FALSE,"noCluster"
"NODE_1788_length_45_cov_10.75",7.718917,FALSE,"noCluster"
"NODE_1793_length_45_cov_452.5",249.899949,FALSE,"noCluster"
"NODE_1804_length_44_cov_9.81818",0,FALSE,"noCluster"
"NODE_1805_length_44_cov_4.63636",2.910386,FALSE,"noCluster"
"NODE_1837_length_42_cov_52.1111",0,FALSE,"noCluster"
"NODE_1838_length_42_cov_7.77778",0,FALSE,"noCluster"
"NODE_1840_length_42_cov_3.55556",0,FALSE,"noCluster"
"NODE_1841_length_42_cov_7.55556",0,FALSE,"noCluster"
"NODE_1842_length_42_cov_15.8889",0,FALSE,"noCluster"
"NODE_1843_length_42_cov_25.4444",0,FALSE,"noCluster"
"NODE_1845_length_42_cov_23.4444",0,FALSE,"noCluster"
"NODE_1846_length_42_cov_27.5556",0,FALSE,"noCluster"
"NODE_1849_length_42_cov_21.2222",0,FALSE,"noCluster"
"NODE_1870_length_42_cov_23.1111",0,FALSE,"noCluster"
"NODE_1883_length_41_cov_2.125",0,FALSE,"noCluster"
"NODE_1886_length_41_cov_45",0,FALSE,"noCluster"
"NODE_1887_length_41_cov_61.75",0,FALSE,"noCluster"
"NODE_1888_length_41_cov_286",0,FALSE,"noCluster"
"NODE_1895_length_41_cov_21.25",0,FALSE,"noCluster"
"NODE_1909_length_40_cov_23.7143",0,FALSE,"noCluster"
"NODE_1911_length_40_cov_28.5714",0,FALSE,"noCluster"
"NODE_1912_length_40_cov_10.8571",0,FALSE,"noCluster"
"NODE_1913_length_40_cov_13.7143",0,FALSE,"noCluster"
"NODE_1914_length_40_cov_224.429",0,FALSE,"noCluster"
"NODE_1915_length_40_cov_39.8571",0,FALSE,"noCluster"
"NODE_1916_length_40_cov_110.857",0,FALSE,"noCluster"
"NODE_1919_length_40_cov_62.2857",0,FALSE,"noCluster"
"NODE_1922_length_40_cov_53.7143",0,FALSE,"noCluster"
"NODE_1926_length_40_cov_109.714",0,FALSE,"noCluster"
"NODE_1928_length_40_cov_81.2857",0,FALSE,"noCluster"
"NODE_1931_length_40_cov_2670.43",0,FALSE,"noCluster"
"NODE_1932_length_40_cov_737",0,FALSE,"noCluster"
"NODE_1935_length_40_cov_922.714",0,FALSE,"noCluster"
"NODE_1936_length_40_cov_2607",0,FALSE,"noCluster"
"NODE_1947_length_39_cov_17",0,FALSE,"noCluster"
"NODE_1948_length_39_cov_21",0,FALSE,"noCluster"
"NODE_1949_length_39_cov_7.5",0,FALSE,"noCluster"
"NODE_1950_length_39_cov_57.1667",0,FALSE,"noCluster"
"NODE_1951_length_39_cov_29",0,FALSE,"noCluster"
"NODE_1953_length_39_cov_33.8333",0,FALSE,"noCluster"
"NODE_1955_length_39_cov_171",0,FALSE,"noCluster"
"NODE_1957_length_39_cov_130.5",0,FALSE,"noCluster"
"NODE_1960_length_39_cov_241.5",0,FALSE,"noCluster"
"NODE_1970_length_39_cov_8428.67",0,FALSE,"noCluster"
"NODE_1971_length_39_cov_139.833",0,FALSE,"noCluster"
"NODE_1978_length_38_cov_24",0,FALSE,"noCluster"
"NODE_1980_length_38_cov_17",0,FALSE,"noCluster"
"NODE_1983_length_38_cov_27.8",0,FALSE,"noCluster"
"NODE_1985_length_38_cov_37.6",0,FALSE,"noCluster"
"NODE_1987_length_38_cov_233.6",0,FALSE,"noCluster"
"NODE_1989_length_38_cov_34.6",0,FALSE,"noCluster"
"NODE_1991_length_38_cov_234.8",0,FALSE,"noCluster"
"NODE_1994_length_38_cov_97.2",0,FALSE,"noCluster"
"NODE_2003_length_38_cov_212.4",0,FALSE,"noCluster"
"NODE_2018_length_37_cov_28",0,FALSE,"noCluster"
"NODE_2019_length_37_cov_4.5",0,FALSE,"noCluster"
"NODE_2020_length_37_cov_25",0,FALSE,"noCluster"
"NODE_2023_length_37_cov_29.5",0,FALSE,"noCluster"
"NODE_2026_length_37_cov_7.5",0,FALSE,"noCluster"
"NODE_2027_length_37_cov_4",0,FALSE,"noCluster"
"NODE_2028_length_37_cov_179.5",0,FALSE,"noCluster"
"NODE_2032_length_37_cov_332",0,FALSE,"noCluster"
"NODE_2033_length_37_cov_57",0,FALSE,"noCluster"
"NODE_2063_length_36_cov_56.6667",0,FALSE,"noCluster"
"NODE_2064_length_36_cov_34.6667",0,FALSE,"noCluster"
"NODE_2072_length_36_cov_249",0,FALSE,"noCluster"
"NODE_2073_length_36_cov_124.333",0,FALSE,"noCluster"
"NODE_2075_length_36_cov_66.3333",0,FALSE,"noCluster"
"NODE_2080_length_36_cov_460.333",0,FALSE,"noCluster"
"NODE_2093_length_35_cov_171",0,FALSE,"noCluster"
"NODE_2094_length_35_cov_111",0,FALSE,"noCluster"
"NODE_2095_length_35_cov_8.5",0,FALSE,"noCluster"
"NODE_2097_length_35_cov_124.5",0,FALSE,"noCluster"
"NODE_2098_length_35_cov_66.5",0,FALSE,"noCluster"
"NODE_2100_length_35_cov_83.5",0,FALSE,"noCluster"
"NODE_2104_length_35_cov_198.5",0,FALSE,"noCluster"
"NODE_2106_length_35_cov_385.5",0,FALSE,"noCluster"
"NODE_2112_length_35_cov_82.5",0,FALSE,"noCluster"
"NODE_2122_length_35_cov_39.5",0,FALSE,"noCluster"
"NODE_2127_length_35_cov_516.5",0,FALSE,"noCluster"
"NODE_2128_length_35_cov_22.5",0,FALSE,"noCluster"
"NODE_2129_length_35_cov_2373.5",0,FALSE,"noCluster"
"NODE_2145_length_35_cov_144",0,FALSE,"noCluster"
"NODE_2165_length_34_cov_28",0,FALSE,"noCluster"
