"Name","SRX3467117_SRR6371896_TPM","pir","subfam"
"NODE_1_length_5205_cov_263.911",35.738735,FALSE,"none"
"NODE_2_length_1783_cov_650.827",89.352762,FALSE,"none"
"NODE_3_length_948_cov_851.455",144.264045,FALSE,"none"
"NODE_4_length_925_cov_417.2",71.261723,FALSE,"none"
"NODE_5_length_916_cov_370.822",61.698219,FALSE,"none"
"NODE_6_length_904_cov_1167.93",198.771682,FALSE,"none"
"NODE_7_length_802_cov_453.239",80.354825,FALSE,"none"
"NODE_8_length_789_cov_799.11",145.078122,FALSE,"none"
"NODE_9_length_718_cov_886.174",165.181888,FALSE,"none"
"NODE_10_length_705_cov_165.432",30.653704,FALSE,"none"
"NODE_11_length_656_cov_970.973",190.770168,FALSE,"none"
"NODE_12_length_614_cov_1435.86",137.248807,FALSE,"none"
"NODE_13_length_589_cov_179.489",36.554845,FALSE,"none"
"NODE_14_length_578_cov_304.699",77.905989,FALSE,"none"
"NODE_15_length_573_cov_236.544",72.98107,FALSE,"none"
"NODE_16_length_571_cov_592.277",100.397071,FALSE,"none"
"NODE_17_length_561_cov_118.184",25.41944,FALSE,"none"
"NODE_18_length_557_cov_110.643",24.087089,FALSE,"none"
"NODE_19_length_541_cov_231.451",55.264054,FALSE,"none"
"NODE_20_length_537_cov_197.863",43.832458,FALSE,"none"
"NODE_21_length_530_cov_586.036",130.337956,FALSE,"none"
"NODE_22_length_509_cov_7638.93",1607.259482,FALSE,"none"
"NODE_23_length_505_cov_202.4",48.381266,FALSE,"none"
"NODE_24_length_503_cov_137.17",32.189398,FALSE,"none"
"NODE_25_length_499_cov_93.6845",22.010565,FALSE,"none"
"NODE_26_length_484_cov_282.06",68.100015,FALSE,"none"
"NODE_27_length_484_cov_557.692",135.776153,FALSE,"none"
"NODE_28_length_469_cov_432.282",106.963957,FALSE,"none"
"NODE_29_length_467_cov_229.59",74.747942,FALSE,"none"
"NODE_30_length_464_cov_287.747",73.290979,FALSE,"none"
"NODE_31_length_458_cov_240.864",61.921095,FALSE,"none"
"NODE_32_length_458_cov_476.899",123.020364,FALSE,"none"
"NODE_33_length_456_cov_69.2033",17.917656,FALSE,"none"
"NODE_34_length_451_cov_518.093",136.649079,FALSE,"none"
"NODE_35_length_447_cov_159.531",41.886023,FALSE,"none"
"NODE_36_length_442_cov_1368.17",344.023277,FALSE,"none"
"NODE_37_length_441_cov_115.811",30.738478,FALSE,"none"
"NODE_38_length_437_cov_52.9109",14.072895,FALSE,"none"
"NODE_39_length_433_cov_202.615",55.780653,FALSE,"none"
"NODE_40_length_428_cov_108.086",30.659644,FALSE,"none"
"NODE_41_length_424_cov_563.24",161.71013,FALSE,"none"
"NODE_42_length_423_cov_53.2538",15.626497,FALSE,"none"
"NODE_43_length_423_cov_885.436",257.721307,FALSE,"none"
"NODE_44_length_422_cov_42.2828",11.742,FALSE,"none"
"NODE_45_length_422_cov_189.92",54.280678,FALSE,"none"
"NODE_46_length_420_cov_105.129",31.94107,FALSE,"none"
"NODE_47_length_418_cov_46.7714",13.441047,FALSE,"none"
"NODE_48_length_417_cov_127.333",38.252035,FALSE,"none"
"NODE_49_length_417_cov_51.75",14.658857,FALSE,"none"
"NODE_50_length_417_cov_3548.47",1156.454215,FALSE,"none"
"NODE_51_length_413_cov_85.1053",24.858345,FALSE,"none"
"NODE_52_length_411_cov_70.2566",20.408981,FALSE,"none"
"NODE_53_length_411_cov_44.164",13.147212,FALSE,"none"
"NODE_54_length_404_cov_176.321",53.115545,FALSE,"none"
"NODE_55_length_401_cov_145.242",43.982346,FALSE,"none"
"NODE_56_length_398_cov_3070.89",943.87722,FALSE,"none"
"NODE_57_length_395_cov_33.7044",10.610067,FALSE,"none"
"NODE_58_length_394_cov_29.8366",9.51132,FALSE,"none"
"NODE_59_length_394_cov_543.399",181.69699,FALSE,"none"
"NODE_60_length_394_cov_38.7285",12.676875,FALSE,"none"
"NODE_61_length_391_cov_84.9441",28.452576,FALSE,"none"
"NODE_62_length_391_cov_18803.5",5825.354422,FALSE,"none"
"NODE_63_length_390_cov_94.0616",29.680846,FALSE,"none"
"NODE_64_length_389_cov_823.713",272.981664,FALSE,"none"
"NODE_65_length_386_cov_145.725",47.762636,FALSE,"none"
"NODE_66_length_386_cov_84.0765",39.072878,FALSE,"none"
"NODE_67_length_382_cov_225.395",77.859857,FALSE,"none"
"NODE_68_length_381_cov_145.454",52.904232,FALSE,"none"
"NODE_69_length_379_cov_87.4364",30.346789,FALSE,"none"
"NODE_70_length_379_cov_129.142",45.004861,FALSE,"none"
"NODE_71_length_376_cov_33.3353",11.80802,FALSE,"none"
"NODE_72_length_372_cov_142.242",49.887737,FALSE,"none"
"NODE_73_length_371_cov_70.7485",24.783751,FALSE,"none"
"NODE_74_length_371_cov_60.5858",21.190892,FALSE,"none"
"NODE_75_length_371_cov_38.4142",16.010896,FALSE,"none"
"NODE_76_length_365_cov_37.2199",13.212724,FALSE,"none"
"NODE_77_length_361_cov_150.107",55.819996,FALSE,"none"
"NODE_78_length_360_cov_484.284",182.143167,FALSE,"none"
"NODE_79_length_355_cov_36.236",13.486095,FALSE,"none"
"NODE_80_length_355_cov_424.208",126.980855,FALSE,"none"
"NODE_81_length_353_cov_163.928",62.304427,FALSE,"none"
"NODE_82_length_350_cov_187.274",73.839564,FALSE,"none"
"NODE_83_length_346_cov_100.607",41.743233,FALSE,"none"
"NODE_84_length_344_cov_40.4598",16.185631,FALSE,"none"
"NODE_85_length_343_cov_71.271",30.10952,FALSE,"none"
"NODE_86_length_342_cov_248.657",109.382527,FALSE,"none"
"NODE_87_length_341_cov_55.3669",24.880448,FALSE,"none"
"NODE_88_length_339_cov_49.9281",22.640798,FALSE,"none"
"NODE_89_length_339_cov_152.605",64.484787,FALSE,"none"
"NODE_90_length_339_cov_136.882",58.960907,FALSE,"none"
"NODE_91_length_336_cov_45.0363",21.75991,FALSE,"none"
"NODE_92_length_336_cov_279.145",123.420641,FALSE,"none"
"NODE_93_length_335_cov_45.5828",20.82354,FALSE,"none"
"NODE_94_length_333_cov_130.183",59.520973,FALSE,"none"
"NODE_95_length_333_cov_561.813",255.899519,FALSE,"none"
"NODE_96_length_332_cov_88.6756",40.256028,FALSE,"none"
"NODE_97_length_331_cov_57.6779",26.454765,FALSE,"none"
"NODE_98_length_329_cov_134.159",64.434634,FALSE,"none"
"NODE_99_length_329_cov_56.1892",25.704454,FALSE,"none"
"NODE_100_length_326_cov_32.0512",15.947207,FALSE,"none"
"NODE_101_length_325_cov_75.9178",37.175144,FALSE,"none"
"NODE_102_length_324_cov_102.058",52.134398,FALSE,"none"
"NODE_103_length_324_cov_208.192",101.763156,FALSE,"none"
"NODE_104_length_323_cov_69.0138",33.733533,FALSE,"none"
"NODE_105_length_322_cov_89.8997",44.577178,FALSE,"none"
"NODE_106_length_321_cov_1082.39",551.082903,FALSE,"none"
"NODE_107_length_318_cov_148.2",77.970075,FALSE,"none"
"NODE_108_length_318_cov_79.0175",41.227335,FALSE,"none"
"NODE_109_length_317_cov_155.673",84.274907,FALSE,"none"
"NODE_110_length_315_cov_95.0816",52.174691,FALSE,"none"
"NODE_111_length_315_cov_167.121",107.095418,FALSE,"none"
"NODE_112_length_314_cov_123.527",68.236752,FALSE,"none"
"NODE_113_length_314_cov_25.8149",16.395183,FALSE,"none"
"NODE_114_length_314_cov_138.374",76.401553,FALSE,"none"
"NODE_115_length_312_cov_78.4946",45.458071,FALSE,"none"
"NODE_116_length_311_cov_30.4892",18.671176,FALSE,"none"
"NODE_117_length_310_cov_109.975",62.121214,FALSE,"none"
"NODE_118_length_310_cov_69.556",43.85437,FALSE,"none"
"NODE_119_length_309_cov_61.2681",22.615732,FALSE,"none"
"NODE_120_length_309_cov_197.326",114.243497,FALSE,"none"
"NODE_121_length_309_cov_135.678",78.263524,FALSE,"none"
"NODE_122_length_308_cov_55.9745",31.6276,FALSE,"none"
"NODE_123_length_306_cov_139.3",86.332085,FALSE,"none"
"NODE_124_length_306_cov_121.593",73.287504,FALSE,"none"
"NODE_125_length_306_cov_84.9194",51.658027,FALSE,"none"
"NODE_126_length_302_cov_63.1933",40.006644,FALSE,"none"
"NODE_127_length_302_cov_180.784",113.186623,FALSE,"none"
"NODE_128_length_301_cov_115.332",74.765355,FALSE,"none"
"NODE_129_length_301_cov_125.806",81.91858,FALSE,"none"
"NODE_130_length_301_cov_134.806",88.34436,FALSE,"none"
"NODE_131_length_299_cov_45.9624",30.417657,FALSE,"none"
"NODE_132_length_299_cov_14.7744",10.250792,FALSE,"none"
"NODE_133_length_299_cov_145.94",97.654486,FALSE,"none"
"NODE_134_length_297_cov_180.663",122.922929,FALSE,"none"
"NODE_135_length_295_cov_291.966",204.335358,FALSE,"none"
"NODE_136_length_294_cov_67.3257",48.268909,FALSE,"none"
"NODE_137_length_294_cov_83.3027",65.837877,FALSE,"none"
"NODE_138_length_292_cov_506.069",515.996382,FALSE,"none"
"NODE_139_length_291_cov_88.5233",66.681839,FALSE,"none"
"NODE_140_length_290_cov_19.1634",17.243735,FALSE,"none"
"NODE_141_length_289_cov_49.3633",39.309418,FALSE,"none"
"NODE_142_length_288_cov_307.835",242.921713,FALSE,"none"
"NODE_143_length_288_cov_89.6549",71.372323,FALSE,"none"
"NODE_144_length_287_cov_75.9921",59.186007,FALSE,"none"
"NODE_145_length_286_cov_36.0395",30.031943,FALSE,"none"
"NODE_146_length_286_cov_41.6917",33.699561,FALSE,"none"
"NODE_147_length_286_cov_219.791",174.663654,FALSE,"none"
"NODE_148_length_285_cov_50.9167",40.856372,FALSE,"none"
"NODE_149_length_285_cov_281.524",230.941455,FALSE,"none"
"NODE_150_length_285_cov_32.6825",40.401911,FALSE,"none"
"NODE_151_length_283_cov_103.128",86.516898,FALSE,"none"
"NODE_152_length_281_cov_221.742",186.306854,FALSE,"none"
"NODE_153_length_280_cov_65.5466",58.833194,FALSE,"none"
"NODE_154_length_280_cov_39.1579",33.388584,FALSE,"none"
"NODE_155_length_279_cov_111.256",101.059861,FALSE,"none"
"NODE_156_length_279_cov_179.699",157.955527,FALSE,"none"
"NODE_157_length_277_cov_48.6189",44.676323,FALSE,"none"
"NODE_158_length_276_cov_443.679",435.276831,FALSE,"none"
"NODE_159_length_275_cov_67.5785",66.461585,FALSE,"none"
"NODE_160_length_274_cov_75.5602",73.646606,FALSE,"none"
"NODE_161_length_273_cov_279.525",270.521478,FALSE,"none"
"NODE_162_length_272_cov_28.7615",28.694606,FALSE,"none"
"NODE_163_length_272_cov_144.268",149.491899,FALSE,"none"
"NODE_164_length_271_cov_35.6218",36.125234,FALSE,"none"
"NODE_165_length_270_cov_33.4262",33.428442,FALSE,"none"
"NODE_166_length_269_cov_59.1059",60.771076,FALSE,"none"
"NODE_167_length_268_cov_22.3362",24.099339,FALSE,"none"
"NODE_168_length_268_cov_36.9362",39.710861,FALSE,"none"
"NODE_169_length_268_cov_33.0085",35.012248,FALSE,"none"
"NODE_170_length_267_cov_87.5641",95.857416,FALSE,"none"
"NODE_171_length_266_cov_32.2446",37.770667,FALSE,"none"
"NODE_172_length_265_cov_53.2845",60.162027,FALSE,"none"
"NODE_173_length_265_cov_32.8405",35.872011,FALSE,"none"
"NODE_174_length_265_cov_94.1336",112.281003,FALSE,"none"
"NODE_175_length_265_cov_44.3491",51.877684,FALSE,"none"
"NODE_176_length_264_cov_92.6797",102.135367,FALSE,"none"
"NODE_177_length_264_cov_65.1602",75.227415,FALSE,"none"
"NODE_178_length_264_cov_270.03",302.960572,FALSE,"none"
"NODE_179_length_264_cov_43.8398",49.55001,FALSE,"none"
"NODE_180_length_264_cov_146.645",171.948378,FALSE,"none"
"NODE_181_length_263_cov_62.8783",69.195863,FALSE,"none"
"NODE_182_length_263_cov_45.1087",50.871928,FALSE,"none"
"NODE_183_length_262_cov_39.179",45.312348,FALSE,"none"
"NODE_184_length_262_cov_47.6507",58.027112,FALSE,"none"
"NODE_185_length_262_cov_40.4934",49.920383,FALSE,"none"
"NODE_186_length_261_cov_138.491",165.348588,FALSE,"none"
"NODE_187_length_260_cov_222.414",268.10059,FALSE,"none"
"NODE_188_length_260_cov_44.1366",51.73871,FALSE,"none"
"NODE_189_length_260_cov_41.511",50.585017,FALSE,"none"
"NODE_190_length_259_cov_54.2168",66.332206,FALSE,"none"
"NODE_191_length_259_cov_34.6681",43.618177,FALSE,"none"
"NODE_192_length_258_cov_60.3022",76.308114,FALSE,"none"
"NODE_193_length_257_cov_35.9643",47.320288,FALSE,"none"
"NODE_194_length_257_cov_94.183",121.734498,FALSE,"none"
"NODE_195_length_256_cov_62.6816",76.152072,FALSE,"none"
"NODE_196_length_256_cov_1802.77",2915.276638,FALSE,"none"
"NODE_198_length_255_cov_20.3874",25.909251,FALSE,"none"
"NODE_199_length_255_cov_266.991",342.686513,FALSE,"none"
"NODE_200_length_254_cov_42.6154",55.510643,FALSE,"none"
"NODE_201_length_254_cov_69.0588",98.962421,FALSE,"none"
"NODE_202_length_254_cov_120.208",162.645187,FALSE,"none"
"NODE_203_length_253_cov_49.35",63.790431,FALSE,"none"
"NODE_204_length_253_cov_67.4727",93.247795,FALSE,"none"
"NODE_205_length_253_cov_36.1818",47.23336,FALSE,"none"
"NODE_206_length_252_cov_37.5479",49.483443,FALSE,"none"
"NODE_207_length_252_cov_41.7808",82.092824,FALSE,"none"
"NODE_208_length_251_cov_20.3899",28.27241,FALSE,"none"
"NODE_209_length_251_cov_317.789",458.266223,FALSE,"none"
"NODE_210_length_250_cov_57.9631",79.867752,FALSE,"none"
"NODE_211_length_250_cov_71.0645",96.744249,FALSE,"none"
"NODE_212_length_249_cov_67.0602",93.749378,FALSE,"none"
"NODE_213_length_248_cov_29.3302",41.951807,FALSE,"none"
"NODE_214_length_248_cov_55.5628",79.440656,FALSE,"none"
"NODE_215_length_248_cov_34.2744",49.873558,FALSE,"none"
"NODE_216_length_248_cov_23.3907",33.360613,FALSE,"none"
"NODE_217_length_248_cov_81.9442",113.917008,FALSE,"none"
"NODE_218_length_248_cov_76.6233",113.13599,FALSE,"none"
"NODE_219_length_247_cov_39.1822",58.645658,FALSE,"none"
"NODE_220_length_247_cov_81.4813",116.041119,FALSE,"none"
"NODE_221_length_247_cov_502.467",806.605111,FALSE,"none"
"NODE_222_length_246_cov_55.7418",81.611762,FALSE,"none"
"NODE_223_length_246_cov_121.408",177.114888,FALSE,"none"
"NODE_224_length_246_cov_68.1408",100.13358,FALSE,"none"
"NODE_225_length_245_cov_57.6745",86.181033,FALSE,"none"
"NODE_226_length_244_cov_18.5829",28.212736,FALSE,"none"
"NODE_227_length_244_cov_17.4739",28.452845,FALSE,"none"
"NODE_228_length_244_cov_49.2749",74.433603,FALSE,"none"
"NODE_229_length_244_cov_327.038",504.827902,FALSE,"none"
"NODE_230_length_244_cov_37.8057",59.907045,FALSE,"none"
"NODE_231_length_244_cov_114.967",170.717069,FALSE,"none"
"NODE_232_length_242_cov_137.244",210.321696,FALSE,"none"
"NODE_233_length_241_cov_25.101",40.793301,FALSE,"none"
"NODE_234_length_241_cov_74.6587",115.792166,FALSE,"none"
"NODE_235_length_241_cov_68.0721",108.444304,FALSE,"none"
"NODE_236_length_241_cov_40.125",67.397628,FALSE,"none"
"NODE_237_length_240_cov_35.7053",58.413924,FALSE,"none"
"NODE_238_length_240_cov_105.821",164.925846,FALSE,"none"
"NODE_239_length_239_cov_87.7087",137.272678,FALSE,"none"
"NODE_240_length_239_cov_57.7961",97.376986,FALSE,"none"
"NODE_241_length_239_cov_257.864",433.734418,FALSE,"none"
"NODE_242_length_238_cov_53.2244",86.672224,FALSE,"none"
"NODE_243_length_238_cov_78.9366",129.006731,FALSE,"none"
"NODE_244_length_238_cov_73.439",117.121018,FALSE,"none"
"NODE_245_length_238_cov_158.176",256.277347,FALSE,"none"
"NODE_246_length_238_cov_281.966",453.259675,FALSE,"none"
"NODE_247_length_237_cov_44.3235",72.833472,FALSE,"none"
"NODE_248_length_237_cov_46.5",77.861156,FALSE,"none"
"NODE_249_length_237_cov_66.299",110.880808,FALSE,"none"
"NODE_250_length_236_cov_27.7488",47.970525,FALSE,"none"
"NODE_251_length_236_cov_190.704",318.098495,FALSE,"none"
"NODE_252_length_235_cov_24.6535",41.203951,FALSE,"none"
"NODE_253_length_235_cov_25.1634",43.594624,FALSE,"none"
"NODE_254_length_235_cov_104.871",178.316076,FALSE,"none"
"NODE_255_length_235_cov_71.7921",122.768087,FALSE,"none"
"NODE_256_length_235_cov_118.505",200.113388,FALSE,"none"
"NODE_257_length_235_cov_86.7921",148.081095,FALSE,"none"
"NODE_258_length_235_cov_40.8416",70.735794,FALSE,"none"
"NODE_259_length_234_cov_35.8458",59.931995,FALSE,"none"
"NODE_260_length_234_cov_35.8159",59.216816,FALSE,"none"
"NODE_261_length_234_cov_57.5423",104.130053,FALSE,"none"
"NODE_262_length_234_cov_174.184",305.095334,FALSE,"none"
"NODE_263_length_233_cov_25.935",47.567785,FALSE,"none"
"NODE_264_length_233_cov_27.145",46.985916,FALSE,"none"
"NODE_265_length_233_cov_357.06",624.199894,FALSE,"none"
"NODE_266_length_233_cov_258.555",439.892911,FALSE,"none"
"NODE_267_length_232_cov_39.7487",70.706668,FALSE,"none"
"NODE_268_length_232_cov_65.4874",117.893753,FALSE,"none"
"NODE_269_length_232_cov_115.804",200.730016,FALSE,"none"
"NODE_270_length_231_cov_33.3333",62.265404,FALSE,"none"
"NODE_271_length_231_cov_88.399",156.565908,FALSE,"none"
"NODE_272_length_231_cov_141.808",253.573604,FALSE,"none"
"NODE_273_length_230_cov_20.4873",35.014068,FALSE,"none"
"NODE_274_length_230_cov_26.9898",50.915654,FALSE,"none"
"NODE_275_length_230_cov_46.0914",81.801426,FALSE,"none"
"NODE_276_length_230_cov_59.7208",107.335703,FALSE,"none"
"NODE_277_length_230_cov_128.442",234.701287,FALSE,"none"
"NODE_278_length_229_cov_40.8673",72.271528,FALSE,"none"
"NODE_279_length_229_cov_81.4133",154.645528,FALSE,"none"
"NODE_280_length_229_cov_45.8418",84.860762,FALSE,"none"
"NODE_281_length_229_cov_63.4082",119.364588,FALSE,"none"
"NODE_282_length_229_cov_41.6173",76.778785,FALSE,"none"
"NODE_283_length_229_cov_124.505",233.755652,FALSE,"none"
"NODE_284_length_229_cov_56.3163",101.646407,FALSE,"none"
"NODE_285_length_229_cov_38.7551",79.731815,FALSE,"none"
"NODE_286_length_229_cov_96.1939",178.114347,FALSE,"none"
"NODE_287_length_228_cov_168.779",313.565702,FALSE,"none"
"NODE_288_length_227_cov_47.6495",87.170236,FALSE,"none"
"NODE_289_length_227_cov_76.7474",146.0864,FALSE,"none"
"NODE_290_length_227_cov_59.9897",109.163463,FALSE,"none"
"NODE_291_length_227_cov_75.2732",143.838917,FALSE,"none"
"NODE_292_length_226_cov_31.8238",64.922984,FALSE,"none"
"NODE_293_length_226_cov_35.4352",67.532953,FALSE,"none"
"NODE_294_length_226_cov_39.8083",73.24226,FALSE,"none"
"NODE_295_length_226_cov_138.368",265.074996,FALSE,"none"
"NODE_296_length_226_cov_29.3212",67.36983,FALSE,"none"
"NODE_297_length_226_cov_118.181",220.868643,FALSE,"none"
"NODE_298_length_226_cov_125.161",241.748396,FALSE,"none"
"NODE_299_length_226_cov_933.642",1732.530172,FALSE,"none"
"NODE_300_length_225_cov_49.8646",94.467844,FALSE,"none"
"NODE_301_length_225_cov_40.2292",75.408542,FALSE,"none"
"NODE_302_length_225_cov_94.8646",176.671442,FALSE,"none"
"NODE_303_length_224_cov_22.4136",43.101237,FALSE,"none"
"NODE_304_length_224_cov_33.5079",64.315127,FALSE,"none"
"NODE_305_length_224_cov_24.0262",45.795064,FALSE,"none"
"NODE_306_length_224_cov_25.6597",50.004169,FALSE,"none"
"NODE_307_length_224_cov_31.1152",61.284571,FALSE,"none"
"NODE_308_length_224_cov_58.6126",107.416364,FALSE,"none"
"NODE_309_length_223_cov_18.1737",35.22935,FALSE,"none"
"NODE_310_length_223_cov_26.6263",50.449797,FALSE,"none"
"NODE_311_length_222_cov_24.127",46.722333,FALSE,"none"
"NODE_312_length_222_cov_44.8889",85.628662,FALSE,"none"
"NODE_313_length_222_cov_59.1429",120.887523,FALSE,"none"
"NODE_314_length_222_cov_62.7989",128.008771,FALSE,"none"
"NODE_315_length_222_cov_53.0741",101.434359,FALSE,"none"
"NODE_316_length_222_cov_35.1111",66.696565,FALSE,"none"
"NODE_317_length_221_cov_20.0372",39.685969,FALSE,"none"
"NODE_318_length_221_cov_124.644",252.579147,FALSE,"none"
"NODE_319_length_220_cov_60.8396",123.038511,FALSE,"none"
"NODE_320_length_220_cov_54.508",120.172986,FALSE,"none"
"NODE_321_length_220_cov_136.193",265.419321,FALSE,"none"
"NODE_322_length_219_cov_20.0538",38.183994,FALSE,"none"
"NODE_323_length_219_cov_73.2849",147.28112,FALSE,"none"
"NODE_324_length_219_cov_50.2957",106.006041,FALSE,"none"
"NODE_325_length_219_cov_39.4677",80.186388,FALSE,"none"
"NODE_326_length_218_cov_66.8",138.436048,FALSE,"none"
"NODE_327_length_218_cov_35.1838",44.812529,FALSE,"none"
"NODE_328_length_218_cov_103.319",207.100327,FALSE,"none"
"NODE_329_length_218_cov_43.3622",86.014931,FALSE,"none"
"NODE_330_length_218_cov_25.5135",53.344024,FALSE,"none"
"NODE_331_length_218_cov_135.903",278.717909,FALSE,"none"
"NODE_332_length_218_cov_308.822",619.82433,FALSE,"none"
"NODE_333_length_217_cov_68.3913",151.756479,FALSE,"none"
"NODE_334_length_216_cov_16.8197",38.40932,FALSE,"none"
"NODE_335_length_216_cov_26.2951",53.240641,FALSE,"none"
"NODE_336_length_216_cov_36.0219",69.212833,FALSE,"none"
"NODE_337_length_215_cov_23.511",48.817759,FALSE,"none"
"NODE_338_length_215_cov_38.956",83.356806,FALSE,"none"
"NODE_339_length_215_cov_30.2857",63.675338,FALSE,"none"
"NODE_340_length_215_cov_44.7527",90.689118,FALSE,"none"
"NODE_341_length_215_cov_65.5385",135.45481,FALSE,"none"
"NODE_342_length_215_cov_41.456",105.160785,FALSE,"none"
"NODE_343_length_214_cov_58.3591",117.470828,FALSE,"none"
"NODE_344_length_214_cov_59.5801",129.217911,FALSE,"none"
"NODE_345_length_213_cov_30.75",64.952778,FALSE,"none"
"NODE_346_length_213_cov_31.9833",67.534998,FALSE,"none"
"NODE_347_length_213_cov_45.35",100.507968,FALSE,"none"
"NODE_348_length_212_cov_36.4637",77.979821,FALSE,"none"
"NODE_349_length_212_cov_70",149.713197,FALSE,"none"
"NODE_350_length_212_cov_20.7877",46.344597,FALSE,"none"
"NODE_351_length_212_cov_48.1341",100.547625,FALSE,"none"
"NODE_352_length_212_cov_46.3464",98.331144,FALSE,"none"
"NODE_353_length_212_cov_77.1453",173.691488,FALSE,"none"
"NODE_354_length_212_cov_22.8268",48.359579,FALSE,"none"
"NODE_355_length_211_cov_203.893",432.26832,FALSE,"none"
"NODE_356_length_211_cov_81.6854",174.133621,FALSE,"none"
"NODE_357_length_211_cov_128.517",279.186064,FALSE,"none"
"NODE_358_length_211_cov_103.298",262.835489,FALSE,"none"
"NODE_359_length_210_cov_40.3277",84.571849,FALSE,"none"
"NODE_360_length_210_cov_47.4181",103.434687,FALSE,"none"
"NODE_361_length_210_cov_41.9153",91.619503,FALSE,"none"
"NODE_362_length_210_cov_69.4011",168.936413,FALSE,"none"
"NODE_363_length_209_cov_14.4261",31.740699,FALSE,"none"
"NODE_364_length_209_cov_37.8011",84.291525,FALSE,"none"
"NODE_365_length_209_cov_23.3523",50.658996,FALSE,"none"
"NODE_366_length_209_cov_90.4943",193.807445,FALSE,"none"
"NODE_367_length_209_cov_85.5057",187.71155,FALSE,"none"
"NODE_368_length_209_cov_19.9261",43.091677,FALSE,"none"
"NODE_369_length_208_cov_75.2971",171.364602,FALSE,"none"
"NODE_370_length_208_cov_19.9029",42.62801,FALSE,"none"
"NODE_371_length_208_cov_78.1543",170.512042,FALSE,"none"
"NODE_372_length_208_cov_93.8857",208.024691,FALSE,"none"
"NODE_373_length_208_cov_115.674",249.587001,FALSE,"none"
"NODE_374_length_208_cov_66.3543",162.19958,FALSE,"none"
"NODE_375_length_208_cov_54.1886",144.082675,FALSE,"none"
"NODE_376_length_207_cov_60.9655",136.139207,FALSE,"none"
"NODE_377_length_207_cov_116.908",262.986372,FALSE,"none"
"NODE_378_length_207_cov_104.408",231.302353,FALSE,"none"
"NODE_379_length_207_cov_473.718",1042.005166,FALSE,"none"
"NODE_380_length_207_cov_622.661",1528.8649,FALSE,"none"
"NODE_381_length_206_cov_57.3642",136.696483,FALSE,"none"
"NODE_382_length_206_cov_73.578",164.517722,FALSE,"none"
"NODE_383_length_206_cov_72.1734",167.1465,FALSE,"none"
"NODE_384_length_206_cov_25.6358",56.299673,FALSE,"none"
"NODE_385_length_206_cov_7.50867",17.744255,FALSE,"none"
"NODE_386_length_206_cov_163.439",367.590862,FALSE,"none"
"NODE_387_length_206_cov_110.786",257.401229,FALSE,"none"
"NODE_388_length_206_cov_701.572",1575.295522,FALSE,"none"
"NODE_389_length_205_cov_17.6453",39.969457,FALSE,"none"
"NODE_390_length_205_cov_78.0814",187.634396,FALSE,"none"
"NODE_391_length_205_cov_66.5814",162.986564,FALSE,"none"
"NODE_392_length_205_cov_2894.9",5460.461162,FALSE,"none"
"NODE_393_length_204_cov_48.9883",109.377589,FALSE,"none"
"NODE_394_length_204_cov_97.2281",217.629895,FALSE,"none"
"NODE_395_length_204_cov_42.8713",101.950716,FALSE,"none"
"NODE_396_length_204_cov_35.9298",81.245493,FALSE,"none"
"NODE_397_length_204_cov_39.9825",93.173502,FALSE,"none"
"NODE_398_length_204_cov_29.2515",86.196742,FALSE,"none"
"NODE_399_length_203_cov_60.3294",149.846829,FALSE,"none"
"NODE_400_length_203_cov_88.3412",203.901165,FALSE,"none"
"NODE_401_length_203_cov_18.9765",52.001639,FALSE,"none"
"NODE_402_length_203_cov_227.088",532.788727,FALSE,"none"
"NODE_403_length_202_cov_45.5444",113.93927,FALSE,"none"
"NODE_404_length_202_cov_57.1834",131.041717,FALSE,"none"
"NODE_405_length_202_cov_23.2722",56.854078,FALSE,"none"
"NODE_406_length_202_cov_59.7219",144.677451,FALSE,"none"
"NODE_407_length_202_cov_28.9941",67.947557,FALSE,"none"
"NODE_408_length_202_cov_57.2189",138.668483,FALSE,"none"
"NODE_409_length_202_cov_106.882",246.136558,FALSE,"none"
"NODE_410_length_202_cov_35.1183",79.041035,FALSE,"none"
"NODE_411_length_202_cov_44.2722",105.388047,FALSE,"none"
"NODE_412_length_202_cov_115.893",271.559113,FALSE,"none"
"NODE_413_length_202_cov_68.9941",157.619842,FALSE,"none"
"NODE_414_length_202_cov_44.503",108.623645,FALSE,"none"
"NODE_415_length_202_cov_258.071",627.474886,FALSE,"none"
"NODE_416_length_201_cov_43.0357",99.520931,FALSE,"none"
"NODE_417_length_201_cov_44.8095",105.140936,FALSE,"none"
"NODE_418_length_201_cov_13.8571",32.783365,FALSE,"none"
"NODE_419_length_201_cov_41.8452",94.603426,FALSE,"none"
"NODE_420_length_201_cov_45.5119",108.65344,FALSE,"none"
"NODE_421_length_201_cov_38.8512",92.495924,FALSE,"none"
"NODE_422_length_201_cov_40.2738",94.837593,FALSE,"none"
"NODE_423_length_201_cov_44.2976",108.419273,FALSE,"none"
"NODE_424_length_201_cov_26.506",61.11756,FALSE,"none"
"NODE_425_length_201_cov_46.4583",107.014271,FALSE,"none"
"NODE_426_length_201_cov_24.7619",59.946725,FALSE,"none"
"NODE_427_length_201_cov_127.536",294.816122,FALSE,"none"
"NODE_428_length_200_cov_3.46108",7.591534,FALSE,"none"
"NODE_429_length_200_cov_33.3533",75.915344,FALSE,"none"
"NODE_430_length_200_cov_40.2814",91.572884,FALSE,"none"
"NODE_431_length_200_cov_39.7964",98.215476,FALSE,"none"
"NODE_432_length_200_cov_17.7784",51.717328,FALSE,"none"
"NODE_433_length_200_cov_100.695",237.23545,FALSE,"none"
"NODE_434_length_200_cov_8.46108",20.639484,FALSE,"none"
"NODE_435_length_199_cov_28.3855",65.366936,FALSE,"none"
"NODE_436_length_199_cov_30.006",73.537804,FALSE,"none"
"NODE_437_length_199_cov_58.4277",137.222503,FALSE,"none"
"NODE_438_length_199_cov_24.0904",56.234791,FALSE,"none"
"NODE_439_length_199_cov_42.0301",98.531044,FALSE,"none"
"NODE_440_length_199_cov_26.4036",65.607256,FALSE,"none"
"NODE_441_length_199_cov_85.0181",197.062088,FALSE,"none"
"NODE_442_length_199_cov_23.2892",58.157348,FALSE,"none"
"NODE_443_length_199_cov_49.5542",116.795335,FALSE,"none"
"NODE_444_length_199_cov_39.2651",92.282734,FALSE,"none"
"NODE_445_length_199_cov_55.4819",137.222503,FALSE,"none"
"NODE_446_length_199_cov_90.5904",217.008616,FALSE,"none"
"NODE_447_length_199_cov_20.0602",45.660728,FALSE,"none"
"NODE_448_length_199_cov_82.0663",198.984645,FALSE,"none"
"NODE_449_length_199_cov_32.6747",92.042414,FALSE,"none"
"NODE_450_length_199_cov_36.8795",85.073145,FALSE,"none"
"NODE_451_length_199_cov_32.5181",79.786114,FALSE,"none"
"NODE_452_length_198_cov_15.497",35.782626,FALSE,"none"
"NODE_453_length_198_cov_43.0727",101.749235,FALSE,"none"
"NODE_454_length_198_cov_71.0848",177.452613,FALSE,"none"
"NODE_455_length_198_cov_85.2364",202.524793,FALSE,"none"
"NODE_456_length_198_cov_57.2606",136.071345,FALSE,"none"
"NODE_457_length_198_cov_188.036",447.404531,FALSE,"none"
"NODE_458_length_197_cov_62.9329",157.535279,FALSE,"none"
"NODE_459_length_197_cov_229.189",551.743278,FALSE,"none"
"NODE_460_length_197_cov_153.872",367.08925,FALSE,"none"
"NODE_461_length_197_cov_74.5488",182.681756,FALSE,"none"
"NODE_462_length_197_cov_293.921",701.636001,FALSE,"none"
"NODE_463_length_196_cov_24.9693",59.420039,FALSE,"none"
"NODE_464_length_196_cov_30.2761",73.401224,FALSE,"none"
"NODE_465_length_196_cov_112.681",270.386142,FALSE,"none"
"NODE_466_length_196_cov_29.5521",74.39988,FALSE,"none"
"NODE_467_length_196_cov_35.2515",88.18652,FALSE,"none"
"NODE_468_length_195_cov_45.4506",109.466248,FALSE,"none"
"NODE_469_length_195_cov_55.4753",133.230284,FALSE,"none"
"NODE_470_length_195_cov_39.4321",95.561759,FALSE,"none"
"NODE_471_length_195_cov_58.679",149.662861,FALSE,"none"
"NODE_472_length_195_cov_52.8951",132.219048,FALSE,"none"
"NODE_473_length_195_cov_66.9938",171.657235,FALSE,"none"
"NODE_474_length_195_cov_71.1543",168.876337,FALSE,"none"
"NODE_475_length_195_cov_163.012",409.803207,FALSE,"none"
"NODE_476_length_195_cov_12.7901",40.702231,FALSE,"none"
"NODE_477_length_194_cov_23.5839",56.0571,FALSE,"none"
"NODE_478_length_194_cov_74.9752",183.785379,FALSE,"none"
"NODE_479_length_194_cov_16.0373",38.907211,FALSE,"none"
"NODE_480_length_194_cov_78.1429",188.648781,FALSE,"none"
"NODE_481_length_194_cov_61.5839",158.700467,FALSE,"none"
"NODE_482_length_194_cov_57.764",155.884813,FALSE,"none"
"NODE_483_length_193_cov_12.45",29.801409,FALSE,"none"
"NODE_484_length_193_cov_8.1",20.731415,FALSE,"none"
"NODE_485_length_193_cov_28.95",70.227668,FALSE,"none"
"NODE_486_length_193_cov_53.6875",138.641337,FALSE,"none"
"NODE_487_length_193_cov_63.9688",156.781325,FALSE,"none"
"NODE_488_length_193_cov_37.9875",137.604766,FALSE,"none"
"NODE_489_length_192_cov_33.4465",89.979637,FALSE,"none"
"NODE_490_length_192_cov_139.05",374.6091,FALSE,"none"
"NODE_491_length_192_cov_13.0252",34.103069,FALSE,"none"
"NODE_492_length_192_cov_31.4025",77.912397,FALSE,"none"
"NODE_493_length_192_cov_43.3019",108.342828,FALSE,"none"
"NODE_494_length_192_cov_20.2767",49.580616,FALSE,"none"
"NODE_495_length_192_cov_238.409",608.870954,FALSE,"none"
"NODE_496_length_192_cov_81.0566",191.501851,FALSE,"none"
"NODE_497_length_191_cov_27.8354",91.874829,FALSE,"none"
"NODE_498_length_191_cov_39.4557",99.309786,FALSE,"none"
"NODE_499_length_191_cov_68.3797",173.924893,FALSE,"none"
"NODE_500_length_191_cov_46.2278",112.586495,FALSE,"none"
"NODE_501_length_191_cov_59.1013",150.823418,FALSE,"none"
"NODE_502_length_191_cov_44.7405",116.03844,FALSE,"none"
"NODE_503_length_191_cov_22.8354",74.349572,FALSE,"none"
"NODE_504_length_191_cov_147.361",384.493503,FALSE,"none"
"NODE_505_length_191_cov_72.3734",184.280726,FALSE,"none"
"NODE_506_length_190_cov_32.4586",79.550351,FALSE,"none"
"NODE_507_length_190_cov_34.3758",87.344135,FALSE,"none"
"NODE_508_length_190_cov_29.6752",75.519083,FALSE,"none"
"NODE_509_length_190_cov_34.6879",85.731628,FALSE,"none"
"NODE_510_length_190_cov_14.051",38.43142,FALSE,"none"
"NODE_511_length_190_cov_53.707",136.525602,FALSE,"none"
"NODE_512_length_190_cov_19.0127",51.062725,FALSE,"none"
"NODE_513_length_190_cov_50.7516",126.044306,FALSE,"none"
"NODE_514_length_190_cov_116.662",298.313816,FALSE,"none"
"NODE_515_length_190_cov_41.3376",101.856699,FALSE,"none"
"NODE_516_length_190_cov_100.42",257.732387,FALSE,"none"
"NODE_517_length_190_cov_18.7643",58.85651,FALSE,"none"
"NODE_518_length_189_cov_5.20513",13.055143,FALSE,"none"
"NODE_519_length_189_cov_16.8077",41.069304,FALSE,"none"
"NODE_520_length_189_cov_26.6282",65.275716,FALSE,"none"
"NODE_521_length_189_cov_23.6218",58.476162,FALSE,"none"
"NODE_522_length_189_cov_84.3141",206.434451,FALSE,"none"
"NODE_523_length_189_cov_51.9423",126.471699,FALSE,"none"
"NODE_524_length_189_cov_66.0513",159.381539,FALSE,"none"
"NODE_525_length_189_cov_38.4551",108.79286,FALSE,"none"
"NODE_526_length_189_cov_153.487",385.126723,FALSE,"none"
"NODE_527_length_189_cov_70.1538",178.692272,FALSE,"none"
"NODE_528_length_189_cov_59.9679",155.029825,FALSE,"none"
"NODE_529_length_189_cov_72.6026",192.019397,FALSE,"none"
"NODE_530_length_189_cov_49.2436",125.655753,FALSE,"none"
"NODE_531_length_188_cov_41.7677",105.687141,FALSE,"none"
"NODE_532_length_188_cov_63.4452",157.70503,FALSE,"none"
"NODE_533_length_188_cov_14.8129",38.53177,FALSE,"none"
"NODE_534_length_188_cov_58.4194",153.851853,FALSE,"none"
"NODE_535_length_188_cov_44.8516",113.943948,FALSE,"none"
"NODE_536_length_188_cov_84.2387",211.924735,FALSE,"none"
"NODE_537_length_188_cov_22.1806",56.696747,FALSE,"none"
"NODE_538_length_188_cov_48.0516",119.17326,FALSE,"none"
"NODE_539_length_188_cov_57.3032",148.622542,FALSE,"none"
"NODE_540_length_187_cov_30.7662",79.925304,FALSE,"none"
"NODE_541_length_187_cov_86.6169",213.876773,FALSE,"none"
"NODE_542_length_187_cov_12.4935",31.468848,FALSE,"none"
"NODE_543_length_187_cov_51.0844",129.217217,FALSE,"none"
"NODE_544_length_187_cov_20.9481",51.519796,FALSE,"none"
"NODE_545_length_187_cov_490.279",1245.943597,FALSE,"none"
"NODE_546_length_187_cov_1225.58",3609.269931,FALSE,"none"
"NODE_547_length_186_cov_11.2876",28.457494,FALSE,"none"
"NODE_548_length_186_cov_104.752",257.526233,FALSE,"none"
"NODE_549_length_186_cov_45.3072",115.52052,FALSE,"none"
"NODE_550_length_186_cov_66.9346",169.899692,FALSE,"none"
"NODE_551_length_186_cov_15.0196",40.854818,FALSE,"none"
"NODE_552_length_186_cov_88.4444",226.81468,FALSE,"none"
"NODE_553_length_186_cov_168.176",455.883418,FALSE,"none"
"NODE_554_length_186_cov_71.4771",181.451744,FALSE,"none"
"NODE_555_length_186_cov_104.967",268.796527,FALSE,"none"
"NODE_556_length_186_cov_56.2353",142.569227,FALSE,"none"
"NODE_557_length_186_cov_33.7974",82.836666,FALSE,"none"
"NODE_558_length_186_cov_173.66",455.319904,FALSE,"none"
"NODE_559_length_185_cov_24.4868",63.279489,FALSE,"none"
"NODE_560_length_185_cov_37.9737",99.764961,FALSE,"none"
"NODE_561_length_185_cov_48.4211",133.97009,FALSE,"none"
"NODE_562_length_185_cov_19.0855",48.457267,FALSE,"none"
"NODE_563_length_185_cov_26.9408",73.541028,FALSE,"none"
"NODE_564_length_185_cov_101.836",250.837615,FALSE,"none"
"NODE_565_length_185_cov_23.4539",63.849575,FALSE,"none"
"NODE_566_length_185_cov_60.0987",157.343595,FALSE,"none"
"NODE_567_length_185_cov_435.928",1115.087217,FALSE,"none"
"NODE_568_length_184_cov_14.8146",37.772721,FALSE,"none"
"NODE_569_length_184_cov_22.4834",59.975007,FALSE,"none"
"NODE_570_length_184_cov_55.6358",143.017326,FALSE,"none"
"NODE_571_length_184_cov_58.5364",167.814684,FALSE,"none"
"NODE_572_length_184_cov_44.1656",120.238356,FALSE,"none"
"NODE_573_length_184_cov_43.1854",112.164798,FALSE,"none"
"NODE_574_length_184_cov_35.5629",88.232463,FALSE,"none"
"NODE_575_length_184_cov_52.9868",149.649177,FALSE,"none"
"NODE_576_length_184_cov_43.1722",111.588115,FALSE,"none"
"NODE_577_length_184_cov_21.298",57.668276,FALSE,"none"
"NODE_578_length_184_cov_249.927",651.363182,FALSE,"none"
"NODE_579_length_184_cov_52.6291",147.054105,FALSE,"none"
"NODE_580_length_179_cov_110.349",341.632404,FALSE,"none"
"NODE_581_length_174_cov_72.3262",192.895577,FALSE,"none"
"NODE_582_length_166_cov_100.534",335.153336,FALSE,"none"
"NODE_583_length_163_cov_15.0692",42.534965,FALSE,"none"
"NODE_584_length_162_cov_33.031",91.370889,FALSE,"none"
"NODE_585_length_162_cov_245.543",639.596226,FALSE,"none"
"NODE_586_length_159_cov_33.3571",95.568215,FALSE,"none"
"NODE_587_length_153_cov_28.5583",81.69191,FALSE,"none"
"NODE_588_length_152_cov_192.899",201.927171,FALSE,"none"
"NODE_589_length_138_cov_307.305",890.290447,FALSE,"none"
"NODE_590_length_134_cov_90.0198",22.985955,FALSE,"none"
"NODE_591_length_133_cov_20.45",63.21828,FALSE,"none"
"NODE_593_length_127_cov_21.883",66.340938,FALSE,"none"
"NODE_594_length_122_cov_38.427",55.552197,FALSE,"none"
"NODE_596_length_117_cov_29.369",85.542874,FALSE,"none"
"NODE_597_length_117_cov_356.083",942.575544,FALSE,"none"
"NODE_598_length_115_cov_42.5976",259.775033,FALSE,"none"
"NODE_599_length_112_cov_173.848",269.35432,FALSE,"none"
"NODE_600_length_108_cov_18.2533",50.248091,FALSE,"none"
"NODE_601_length_105_cov_52.5972",423.704815,FALSE,"none"
"NODE_602_length_102_cov_19.9275",31.568285,FALSE,"none"
"NODE_603_length_100_cov_7967.25",30219.433235,FALSE,"none"
"NODE_604_length_100_cov_17.5821",39.253843,FALSE,"none"
"NODE_609_length_97_cov_247.297",1219.565383,FALSE,"none"
"NODE_610_length_97_cov_111.188",204.079298,FALSE,"none"
"NODE_613_length_96_cov_792.159",4727.421961,FALSE,"none"
"NODE_618_length_94_cov_180.148",646.96176,FALSE,"none"
"NODE_619_length_94_cov_4682.79",9199.139625,FALSE,"none"
"NODE_620_length_94_cov_4295.61",2430.566402,FALSE,"none"
"NODE_621_length_93_cov_309.283",3068.529582,FALSE,"none"
"NODE_622_length_92_cov_96.1017",198.904622,FALSE,"none"
"NODE_624_length_92_cov_4059.36",35342.631646,FALSE,"none"
"NODE_625_length_92_cov_167.407",138.942856,FALSE,"none"
"NODE_626_length_91_cov_6313.95",5383.705238,FALSE,"none"
"NODE_629_length_91_cov_4201.67",4445.691235,FALSE,"none"
"NODE_630_length_90_cov_71",152.40844,FALSE,"none"
"NODE_632_length_90_cov_1004.09",2313.158119,FALSE,"none"
"NODE_634_length_89_cov_1046.23",12896.619702,FALSE,"none"
"NODE_638_length_89_cov_16750.8",2552.939451,FALSE,"none"
"NODE_641_length_88_cov_2863.13",3518.889247,FALSE,"none"
"NODE_642_length_88_cov_162.382",70.677269,FALSE,"none"
"NODE_643_length_88_cov_1591.98",10002.633525,FALSE,"none"
"NODE_650_length_88_cov_1957.27",31125.077293,FALSE,"none"
"NODE_651_length_87_cov_8856.09",20707.594845,FALSE,"none"
"NODE_657_length_87_cov_1350.85",13573.190039,FALSE,"none"
"NODE_658_length_87_cov_2975.83",4759.192853,FALSE,"none"
"NODE_662_length_86_cov_53.283",271.993117,FALSE,"none"
"NODE_663_length_86_cov_1425.6",1150.234385,FALSE,"none"
"NODE_669_length_86_cov_1371.28",3034.1687,FALSE,"none"
"NODE_676_length_85_cov_36.5769",78.045974,FALSE,"none"
"NODE_677_length_85_cov_69.9038",135.437595,FALSE,"none"
"NODE_679_length_85_cov_10112",16113.67415,FALSE,"none"
"NODE_682_length_85_cov_62764.1",103229.15592,FALSE,"none"
"NODE_683_length_85_cov_414.288",4064.945203,FALSE,"none"
"NODE_689_length_84_cov_10344.4",1382.579294,FALSE,"none"
"NODE_695_length_84_cov_12436",5015.405412,FALSE,"none"
"NODE_699_length_84_cov_12341.8",12062.26713,FALSE,"none"
"NODE_702_length_84_cov_19667.9",15611.493683,FALSE,"none"
"NODE_705_length_83_cov_784.76",7131.851408,FALSE,"none"
"NODE_708_length_83_cov_4050.04",20271.560672,FALSE,"none"
"NODE_710_length_83_cov_2315.52",1126.626228,FALSE,"none"
"NODE_712_length_83_cov_16588.9",2109.383445,FALSE,"none"
"NODE_714_length_83_cov_10566.6",11817.412948,FALSE,"none"
"NODE_719_length_83_cov_63434.6",131310.025181,FALSE,"none"
"NODE_721_length_83_cov_11837.5",42754.04384,FALSE,"none"
"NODE_728_length_83_cov_44.86",237.527676,FALSE,"none"
"NODE_732_length_82_cov_105.224",1033.261983,FALSE,"none"
"NODE_737_length_82_cov_6306.49",17099.997667,FALSE,"none"
"NODE_740_length_82_cov_140.959",347.177934,FALSE,"none"
"NODE_745_length_82_cov_893.306",1385.124463,FALSE,"none"
"NODE_749_length_82_cov_929.918",4978.623423,FALSE,"none"
"NODE_751_length_82_cov_129.061",445.012503,FALSE,"none"
"NODE_765_length_81_cov_11.8542",19.842336,FALSE,"none"
"NODE_794_length_81_cov_2565.77",3882.459244,FALSE,"none"
"NODE_796_length_81_cov_1164.12",10059.67423,FALSE,"none"
"NODE_802_length_80_cov_3172.32",8143.615664,FALSE,"none"
"NODE_804_length_80_cov_1191.77",1037.536527,FALSE,"none"
"NODE_811_length_80_cov_2311",1969.497123,FALSE,"none"
"NODE_820_length_80_cov_22415.7",26894.881501,FALSE,"none"
"NODE_826_length_80_cov_824.191",361.556137,FALSE,"none"
"NODE_832_length_79_cov_25.1304",50.577885,FALSE,"none"
"NODE_844_length_79_cov_740.804",988.02403,FALSE,"none"
"NODE_850_length_79_cov_9178.02",9066.307798,FALSE,"none"
"NODE_852_length_78_cov_185.489",219.076888,FALSE,"none"
"NODE_853_length_78_cov_60.8667",232.159214,FALSE,"none"
"NODE_855_length_78_cov_242.044",1000.275693,FALSE,"none"
"NODE_861_length_78_cov_110.378",180.305378,FALSE,"none"
"NODE_867_length_78_cov_1300.89",471.285168,FALSE,"none"
"NODE_875_length_78_cov_3805.04",41134.588896,FALSE,"none"
"NODE_879_length_78_cov_1079.8",5628.823742,FALSE,"none"
"NODE_880_length_78_cov_662.444",263.794403,FALSE,"none"
"NODE_886_length_77_cov_65.25",104.439746,FALSE,"none"
"NODE_890_length_77_cov_75.6364",130.192323,FALSE,"none"
"NODE_893_length_77_cov_147.795",271.347282,FALSE,"none"
"NODE_895_length_77_cov_3877.07",39779.827712,FALSE,"none"
"NODE_902_length_77_cov_191.182",278.605587,FALSE,"none"
"NODE_910_length_77_cov_237.409",1529.738237,FALSE,"none"
"NODE_922_length_77_cov_906.114",7672.491228,FALSE,"none"
"NODE_928_length_77_cov_232.159",638.356413,FALSE,"none"
"NODE_936_length_76_cov_229.14",532.005333,FALSE,"none"
"NODE_937_length_76_cov_668.512",990.355255,FALSE,"none"
"NODE_974_length_75_cov_4.64286",7.102057,FALSE,"none"
"NODE_975_length_75_cov_70.7143",112.212506,FALSE,"none"
"NODE_976_length_75_cov_27.3333",48.29399,FALSE,"none"
"NODE_981_length_75_cov_2816.64",35263.182365,FALSE,"none"
"NODE_986_length_75_cov_890.071",1135.261911,FALSE,"none"
"NODE_989_length_75_cov_440.381",4725.570227,FALSE,"none"
"NODE_991_length_75_cov_62.3095",99.66198,FALSE,"none"
"NODE_998_length_75_cov_2468.26",9474.345939,FALSE,"none"
"NODE_1022_length_74_cov_183",234.271174,FALSE,"none"
"NODE_1025_length_74_cov_7348.12",3095.631746,FALSE,"none"
"NODE_1035_length_74_cov_3198.34",14426.115622,FALSE,"none"
"NODE_1043_length_74_cov_4.70732",12.147621,FALSE,"none"
"NODE_1053_length_73_cov_222.425",925.462202,FALSE,"none"
"NODE_1097_length_72_cov_5.84615",8.679733,FALSE,"none"
"NODE_1102_length_72_cov_310.795",1159.976495,FALSE,"none"
"NODE_1107_length_72_cov_250.462",195.569615,FALSE,"none"
"NODE_1109_length_72_cov_1732.56",408.974602,FALSE,"none"
"NODE_1130_length_71_cov_3897.29",7898.366924,FALSE,"none"
"NODE_1153_length_70_cov_435.892",4130.928579,FALSE,"none"
"NODE_1159_length_70_cov_88.7568",1222.190724,FALSE,"none"
"NODE_1164_length_69_cov_5.94444",8.83789,FALSE,"none"
"NODE_1165_length_69_cov_17.5556",12.520344,FALSE,"none"
"NODE_1166_length_69_cov_29.8611",47.135412,FALSE,"none"
"NODE_1167_length_69_cov_2.08333",2.945963,FALSE,"none"
"NODE_1168_length_69_cov_60.4167",125.939929,FALSE,"none"
"NODE_1169_length_69_cov_8.47222",12.520344,FALSE,"none"
"NODE_1175_length_69_cov_193.028",435.961629,FALSE,"none"
"NODE_1181_length_69_cov_391.306",4268.258353,FALSE,"none"
"NODE_1185_length_68_cov_13.8286",21.486116,FALSE,"none"
"NODE_1188_length_68_cov_7.71429",13.33621,FALSE,"none"
"NODE_1191_length_68_cov_212.743",1782.462302,FALSE,"none"
"NODE_1192_length_68_cov_1664.54",6621.789727,FALSE,"none"
"NODE_1197_length_68_cov_461.543",754.533478,FALSE,"none"
"NODE_1233_length_67_cov_331.529",1727.523026,FALSE,"none"
"NODE_1238_length_67_cov_175.853",2834.658508,FALSE,"none"
"NODE_1240_length_67_cov_47.6471",58.792768,FALSE,"none"
"NODE_1247_length_67_cov_389.206",2267.864081,FALSE,"none"
"NODE_1250_length_66_cov_30.1515",41.235964,FALSE,"none"
"NODE_1251_length_66_cov_20.3939",26.990813,FALSE,"none"
"NODE_1257_length_66_cov_1477.52",10002.001014,FALSE,"none"
"NODE_1263_length_66_cov_39.8788",72.725245,FALSE,"none"
"NODE_1271_length_65_cov_3.875",3.016717,FALSE,"none"
"NODE_1272_length_65_cov_26.5625",35.446427,FALSE,"none"
"NODE_1273_length_65_cov_8.65625",16.591944,FALSE,"none"
"NODE_1275_length_65_cov_32.4062",72.343993,FALSE,"none"
"NODE_1296_length_65_cov_41",48.267474,FALSE,"none"
"NODE_1308_length_64_cov_315",938.374755,FALSE,"none"
"NODE_1310_length_64_cov_34.6774",87.942153,FALSE,"none"
"NODE_1316_length_64_cov_117.613",158.552003,FALSE,"none"
"NODE_1318_length_64_cov_63.4516",128.918639,FALSE,"none"
"NODE_1321_length_63_cov_5.2",6.867657,FALSE,"none"
"NODE_1323_length_63_cov_11.1667",12.209168,FALSE,"none"
"NODE_1324_length_63_cov_24.9667",35.101358,FALSE,"none"
"NODE_1325_length_63_cov_29.4667",30.52292,FALSE,"none"
"NODE_1326_length_63_cov_122.467",108.37985,FALSE,"none"
"NODE_1327_length_63_cov_84.9667",13.315728,FALSE,"none"
"NODE_1335_length_63_cov_90.2",133.724622,FALSE,"none"
"NODE_1360_length_62_cov_66.4828",243.63877,FALSE,"none"
"NODE_1373_length_61_cov_50",57.093756,FALSE,"none"
"NODE_1374_length_61_cov_19.4286",23.93199,FALSE,"none"
"NODE_1375_length_61_cov_6.14286",2.315999,FALSE,"none"
"NODE_1384_length_61_cov_107.571",97.232646,FALSE,"none"
"NODE_1387_length_61_cov_26.3571",36.283985,FALSE,"none"
"NODE_1388_length_61_cov_39.7143",95.727961,FALSE,"none"
"NODE_1407_length_60_cov_5.55556",9.317705,FALSE,"none"
"NODE_1408_length_60_cov_5.03704",6.211803,FALSE,"none"
"NODE_1409_length_60_cov_21.037",24.847212,FALSE,"none"
"NODE_1411_length_60_cov_16.5185",31.059016,FALSE,"none"
"NODE_1414_length_60_cov_69.2222",80.728342,FALSE,"none"
"NODE_1417_length_60_cov_25",203.193893,FALSE,"none"
"NODE_1435_length_59_cov_44.4615",50.762357,FALSE,"none"
"NODE_1436_length_59_cov_91.7308",110.896226,FALSE,"none"
"NODE_1437_length_59_cov_49.0769",14.838227,FALSE,"none"
"NODE_1438_length_59_cov_193.423",49.981397,FALSE,"none"
"NODE_1439_length_59_cov_135.423",153.848989,FALSE,"none"
"NODE_1441_length_59_cov_97.6923",171.811054,FALSE,"none"
"NODE_1458_length_59_cov_296.923",28.105893,FALSE,"none"
"NODE_1461_length_59_cov_427.846",34.362211,FALSE,"none"
"NODE_1467_length_58_cov_24.52",31.418061,FALSE,"none"
"NODE_1468_length_58_cov_27.8",36.13077,FALSE,"none"
"NODE_1469_length_58_cov_35.36",43.956443,FALSE,"none"
"NODE_1470_length_58_cov_213.6",213.642814,FALSE,"none"
"NODE_1472_length_58_cov_1277.44",2882.490141,FALSE,"none"
"NODE_1494_length_58_cov_170.56",241.919271,FALSE,"none"
"NODE_1498_length_58_cov_96.84",186.463554,FALSE,"none"
"NODE_1501_length_57_cov_23.5",26.068414,FALSE,"none"
"NODE_1502_length_57_cov_15.2917",16.588991,FALSE,"none"
"NODE_1503_length_57_cov_17.125",18.168895,FALSE,"none"
"NODE_1504_length_57_cov_11.2917",12.639231,FALSE,"none"
"NODE_1505_length_57_cov_6.375",0,FALSE,"none"
"NODE_1506_length_57_cov_33.2083",31.598078,FALSE,"none"
"NODE_1507_length_57_cov_4.25",4.739712,FALSE,"none"
"NODE_1508_length_57_cov_4.54167",5.529664,FALSE,"none"
"NODE_1509_length_57_cov_49.4167",52.926781,FALSE,"none"
"NODE_1510_length_57_cov_22.5417",26.858366,FALSE,"none"
"NODE_1511_length_57_cov_14.4167",8.689471,FALSE,"none"
"NODE_1512_length_57_cov_11.375",10.269375,FALSE,"none"
"NODE_1513_length_57_cov_14.4167",16.588991,FALSE,"none"
"NODE_1514_length_57_cov_9.41667",3.94976,FALSE,"none"
"NODE_1515_length_57_cov_160.5",181.697769,FALSE,"none"
"NODE_1543_length_57_cov_1379.92",1991.523055,FALSE,"none"
"NODE_1548_length_56_cov_17.6087",20.655976,FALSE,"none"
"NODE_1550_length_56_cov_10.6957",10.327988,FALSE,"none"
"NODE_1551_length_56_cov_184.217",170.809034,FALSE,"none"
"NODE_1572_length_56_cov_615.826",522.661781,FALSE,"none"
"NODE_1577_length_55_cov_28.7727",33.557057,FALSE,"none"
"NODE_1578_length_55_cov_13",12.783641,FALSE,"none"
"NODE_1579_length_55_cov_25.9091",27.165236,FALSE,"none"
"NODE_1581_length_55_cov_32.2273",31.959101,FALSE,"none"
"NODE_1582_length_55_cov_50.3182",28.763191,FALSE,"none"
"NODE_1612_length_54_cov_10.6667",12.856043,FALSE,"none"
"NODE_1613_length_54_cov_17.619",18.480562,FALSE,"none"
"NODE_1614_length_54_cov_3.04762",3.214011,FALSE,"none"
"NODE_1615_length_54_cov_11.4286",12.856043,FALSE,"none"
"NODE_1616_length_54_cov_53.6667",49.013664,FALSE,"none"
"NODE_1617_length_54_cov_13.0952",3.214011,FALSE,"none"
"NODE_1618_length_54_cov_5.66667",5.624519,FALSE,"none"
"NODE_1642_length_54_cov_414",148.647999,FALSE,"none"
"NODE_1645_length_54_cov_39.9524",53.834681,FALSE,"none"
"NODE_1648_length_53_cov_7.4",7.272325,FALSE,"none"
"NODE_1650_length_53_cov_3.75",4.040181,FALSE,"none"
"NODE_1651_length_53_cov_22.9",25.857155,FALSE,"none"
"NODE_1652_length_53_cov_181.05",174.535799,FALSE,"none"
"NODE_1663_length_53_cov_34.55",16.4487,FALSE,"none"
"NODE_1687_length_52_cov_45.9474",29.252799,FALSE,"none"
"NODE_1688_length_52_cov_46.2105",39.003733,FALSE,"none"
"NODE_1690_length_52_cov_8.94737",8.125778,FALSE,"none"
"NODE_1693_length_52_cov_52.8947",674.884719,FALSE,"none"
"NODE_1706_length_52_cov_75.8947",94.494916,FALSE,"none"
"NODE_1741_length_51_cov_5.66667",4.085638,FALSE,"none"
"NODE_1742_length_51_cov_6.61111",5.719894,FALSE,"none"
"NODE_1743_length_51_cov_13.2222",11.439787,FALSE,"none"
"NODE_1744_length_51_cov_16.6111",22.062447,FALSE,"none"
"NODE_1745_length_51_cov_44.1667",37.587873,FALSE,"none"
"NODE_1746_length_51_cov_28.8333",11.439787,FALSE,"none"
"NODE_1747_length_51_cov_21.7778",9.805532,FALSE,"none"
"NODE_1748_length_51_cov_105.167",95.603938,FALSE,"none"
"NODE_1749_length_51_cov_45.8333",44.942022,FALSE,"none"
"NODE_1750_length_51_cov_22.3333",24.51383,FALSE,"none"
"NODE_1751_length_51_cov_6.5",2.451383,FALSE,"none"
"NODE_1783_length_50_cov_4.52941",5.751801,FALSE,"none"
"NODE_1784_length_50_cov_12.6471",10.681916,FALSE,"none"
"NODE_1785_length_50_cov_7.64706",12.325288,FALSE,"none"
"NODE_1786_length_50_cov_27.4118",20.542146,FALSE,"none"
"NODE_1787_length_50_cov_33.2353",25.472261,FALSE,"none"
"NODE_1789_length_50_cov_27",21.363832,FALSE,"none"
"NODE_1790_length_50_cov_14.8824",0,FALSE,"none"
"NODE_1791_length_50_cov_71.7647",43.54935,FALSE,"none"
"NODE_1792_length_50_cov_76.8235",0.821686,FALSE,"none"
"NODE_1795_length_50_cov_55.7647",3.286743,FALSE,"none"
"NODE_1804_length_50_cov_64.1765",5.751801,FALSE,"none"
"NODE_1824_length_49_cov_1",0.826252,FALSE,"none"
"NODE_1825_length_49_cov_25.75",0.826252,FALSE,"none"
"NODE_1826_length_49_cov_9",6.610018,FALSE,"none"
"NODE_1827_length_49_cov_27.5625",19.830055,FALSE,"none"
"NODE_1828_length_49_cov_11.6875",0,FALSE,"none"
"NODE_1829_length_49_cov_5.3125",4.131261,FALSE,"none"
"NODE_1830_length_49_cov_4.25",3.305009,FALSE,"none"
"NODE_1831_length_49_cov_6.375",4.957514,FALSE,"none"
"NODE_1832_length_49_cov_54.6875",36.355101,FALSE,"none"
"NODE_1833_length_49_cov_36.5",28.092578,FALSE,"none"
"NODE_1835_length_49_cov_65.25",21.48256,FALSE,"none"
"NODE_1841_length_49_cov_14.6875",22.308812,FALSE,"none"
"NODE_1857_length_48_cov_24.6",0,FALSE,"none"
"NODE_1858_length_48_cov_26.4",23.263157,FALSE,"none"
"NODE_1859_length_48_cov_18.3333",17.447367,FALSE,"none"
"NODE_1860_length_48_cov_6.53333",5.815789,FALSE,"none"
"NODE_1861_length_48_cov_19.6667",14.124059,FALSE,"none"
"NODE_1862_length_48_cov_21.2667",14.954886,FALSE,"none"
"NODE_1863_length_48_cov_19.2667",14.124059,FALSE,"none"
"NODE_1864_length_48_cov_12.4667",9.139097,FALSE,"none"
"NODE_1865_length_48_cov_10.2",7.477443,FALSE,"none"
"NODE_1866_length_48_cov_21.5333",15.785713,FALSE,"none"
"NODE_1867_length_48_cov_35.1333",24.093984,FALSE,"none"
"NODE_1868_length_48_cov_32.8667",24.093984,FALSE,"none"
"NODE_1869_length_48_cov_15.8667",11.631578,FALSE,"none"
"NODE_1870_length_48_cov_9.06667",6.646616,FALSE,"none"
"NODE_1871_length_48_cov_11.3333",7.477443,FALSE,"none"
"NODE_1872_length_48_cov_20.4",0,FALSE,"none"
"NODE_1873_length_48_cov_27.6667",14.124059,FALSE,"none"
"NODE_1874_length_48_cov_8.26667",5.815789,FALSE,"none"
"NODE_1875_length_48_cov_111.733",77.266913,FALSE,"none"
"NODE_1876_length_48_cov_14.4",5.815789,FALSE,"none"
"NODE_1877_length_48_cov_17.8667",14.954886,FALSE,"none"
"NODE_1878_length_48_cov_86.2667",27.417292,FALSE,"none"
"NODE_1879_length_48_cov_27.6667",19.109021,FALSE,"none"
"NODE_1880_length_48_cov_45.2667",0,FALSE,"none"
"NODE_1881_length_48_cov_55.2667",29.078946,FALSE,"none"
"NODE_1882_length_48_cov_78.2",53.172929,FALSE,"none"
"NODE_1883_length_48_cov_140.533",103.02255,FALSE,"none"
"NODE_1884_length_48_cov_143.4",141.240593,FALSE,"none"
"NODE_1885_length_48_cov_134",88.898491,FALSE,"none"
"NODE_1886_length_48_cov_406.733",282.481186,FALSE,"none"
"NODE_1887_length_48_cov_178.933",108.007512,FALSE,"none"
"NODE_1923_length_47_cov_9.07143",9.18951,FALSE,"none"
"NODE_1924_length_47_cov_1",0,FALSE,"none"
"NODE_1925_length_47_cov_48.5714",27.568531,FALSE,"none"
"NODE_1926_length_47_cov_5.78571",4.17705,FALSE,"none"
"NODE_1927_length_47_cov_6.64286",0,FALSE,"none"
"NODE_1928_length_47_cov_9.71429",6.68328,FALSE,"none"
"NODE_1929_length_47_cov_8.5",5.01246,FALSE,"none"
"NODE_1930_length_47_cov_51.2857",35.087221,FALSE,"none"
"NODE_1931_length_47_cov_21.7143",7.51869,FALSE,"none"
"NODE_1932_length_47_cov_3.78571",2.50623,FALSE,"none"
"NODE_1933_length_47_cov_135",92.730513,FALSE,"none"
"NODE_1950_length_46_cov_15.0769",6.720011,FALSE,"none"
"NODE_1951_length_46_cov_16.1538",11.760019,FALSE,"none"
"NODE_1952_length_46_cov_41.4615",21.000034,FALSE,"none"
"NODE_1953_length_46_cov_30.7692",16.800027,FALSE,"none"
"NODE_1954_length_46_cov_136.462",72.240116,FALSE,"none"
"NODE_1955_length_46_cov_38.6154",19.320031,FALSE,"none"
"NODE_1956_length_46_cov_46.9231",0,FALSE,"none"
"NODE_1960_length_46_cov_362.231",133.560215,FALSE,"none"
"NODE_1964_length_46_cov_23.0769",15.120024,FALSE,"none"
"NODE_1974_length_45_cov_57.0833",32.094838,FALSE,"none"
"NODE_1975_length_45_cov_23.9167",15.202818,FALSE,"none"
"NODE_1976_length_45_cov_7",3.378404,FALSE,"none"
"NODE_1977_length_45_cov_13.25",5.912207,FALSE,"none"
"NODE_1978_length_45_cov_18.6667",7.601409,FALSE,"none"
"NODE_1979_length_45_cov_34.5833",17.736621,FALSE,"none"
"NODE_1980_length_45_cov_16.3333",10.135212,FALSE,"none"
"NODE_1981_length_45_cov_24.6667",1.689202,FALSE,"none"
"NODE_1982_length_45_cov_3.33333",2.533803,FALSE,"none"
"NODE_1983_length_45_cov_86",49.831459,FALSE,"none"
"NODE_1984_length_45_cov_338",184.123018,FALSE,"none"
"NODE_1985_length_45_cov_48.3333",33.78404,FALSE,"none"
"NODE_1986_length_45_cov_13.3333",1.689202,FALSE,"none"
"NODE_1987_length_45_cov_121.417",65.878878,FALSE,"none"
"NODE_1988_length_45_cov_33.0833",24.493429,FALSE,"none"
"NODE_1989_length_45_cov_55.1667",27.871833,FALSE,"none"
"NODE_1990_length_45_cov_17.75",9.290611,FALSE,"none"
"NODE_1992_length_45_cov_434.667",209.461048,FALSE,"none"
"NODE_1997_length_45_cov_25.9167",18.614168,FALSE,"none"
"NODE_2012_length_44_cov_7.09091",0,FALSE,"none"
"NODE_2013_length_44_cov_23.1818",0,FALSE,"none"
"NODE_2014_length_44_cov_1.54545",0.849209,FALSE,"none"
"NODE_2015_length_44_cov_61.9091",0,FALSE,"none"
"NODE_2016_length_44_cov_27.0909",0,FALSE,"none"
"NODE_2017_length_44_cov_100.364",2.547627,FALSE,"none"
"NODE_2038_length_43_cov_7.8",0,FALSE,"none"
"NODE_2040_length_43_cov_7.5",0,FALSE,"none"
"NODE_2041_length_43_cov_3.9",0,FALSE,"none"
"NODE_2042_length_43_cov_15.3",0,FALSE,"none"
"NODE_2043_length_43_cov_36.4",0,FALSE,"none"
"NODE_2058_length_43_cov_80.8",21.355538,FALSE,"none"
"NODE_2071_length_42_cov_55",0,FALSE,"none"
"NODE_2072_length_42_cov_7.77778",0,FALSE,"none"
"NODE_2073_length_42_cov_3.55556",0,FALSE,"none"
"NODE_2074_length_42_cov_19.2222",0,FALSE,"none"
"NODE_2075_length_42_cov_15.1111",0,FALSE,"none"
"NODE_2076_length_42_cov_15.2222",0,FALSE,"none"
"NODE_2077_length_42_cov_6.88889",0,FALSE,"none"
"NODE_2078_length_42_cov_39",0,FALSE,"none"
"NODE_2095_length_42_cov_41",0,FALSE,"none"
"NODE_2103_length_41_cov_4.125",0,FALSE,"none"
"NODE_2104_length_41_cov_2.25",0,FALSE,"none"
"NODE_2105_length_41_cov_89.125",0,FALSE,"none"
"NODE_2106_length_41_cov_47",0,FALSE,"none"
"NODE_2107_length_41_cov_54.875",0,FALSE,"none"
"NODE_2108_length_41_cov_58.25",0,FALSE,"none"
"NODE_2112_length_41_cov_46.75",0,FALSE,"none"
"NODE_2135_length_40_cov_1",0,FALSE,"none"
"NODE_2137_length_40_cov_14.5714",0,FALSE,"none"
"NODE_2138_length_40_cov_54.8571",0,FALSE,"none"
"NODE_2140_length_40_cov_2.28571",0,FALSE,"none"
"NODE_2141_length_40_cov_217.286",0,FALSE,"none"
"NODE_2144_length_40_cov_89.4286",0,FALSE,"none"
"NODE_2146_length_40_cov_130.286",0,FALSE,"none"
"NODE_2149_length_40_cov_224.857",0,FALSE,"none"
"NODE_2162_length_40_cov_1311.43",0,FALSE,"none"
"NODE_2166_length_40_cov_2796.14",0,FALSE,"none"
"NODE_2168_length_39_cov_9.16667",0,FALSE,"none"
"NODE_2169_length_39_cov_25.1667",0,FALSE,"none"
"NODE_2170_length_39_cov_19.6667",0,FALSE,"none"
"NODE_2171_length_39_cov_30.5",0,FALSE,"none"
"NODE_2173_length_39_cov_87.3333",0,FALSE,"none"
"NODE_2176_length_39_cov_219.667",0,FALSE,"none"
"NODE_2182_length_39_cov_52.6667",0,FALSE,"none"
"NODE_2183_length_39_cov_107.833",0,FALSE,"none"
"NODE_2188_length_39_cov_142.833",0,FALSE,"none"
"NODE_2191_length_39_cov_373.667",0,FALSE,"none"
"NODE_2194_length_39_cov_1542",0,FALSE,"none"
"NODE_2203_length_38_cov_50.2",0,FALSE,"none"
"NODE_2204_length_38_cov_54.2",0,FALSE,"none"
"NODE_2205_length_38_cov_5.2",0,FALSE,"none"
"NODE_2206_length_38_cov_106",0,FALSE,"none"
"NODE_2207_length_38_cov_38.2",0,FALSE,"none"
"NODE_2212_length_38_cov_238.4",0,FALSE,"none"
"NODE_2217_length_38_cov_295.8",0,FALSE,"none"
"NODE_2223_length_38_cov_47",0,FALSE,"none"
"NODE_2225_length_38_cov_130.6",0,FALSE,"none"
"NODE_2230_length_38_cov_59.2",0,FALSE,"none"
"NODE_2232_length_38_cov_712.2",0,FALSE,"none"
"NODE_2233_length_38_cov_205.8",0,FALSE,"none"
"NODE_2234_length_38_cov_210.6",0,FALSE,"none"
"NODE_2245_length_38_cov_4375",0,FALSE,"none"
"NODE_2248_length_37_cov_92",0,FALSE,"none"
"NODE_2249_length_37_cov_19.25",0,FALSE,"none"
"NODE_2250_length_37_cov_28.5",0,FALSE,"none"
"NODE_2251_length_37_cov_40.5",0,FALSE,"none"
"NODE_2252_length_37_cov_145.25",0,FALSE,"none"
"NODE_2253_length_37_cov_6.75",0,FALSE,"none"
"NODE_2258_length_37_cov_66.75",0,FALSE,"none"
"NODE_2263_length_37_cov_123.75",0,FALSE,"none"
"NODE_2274_length_36_cov_27.3333",0,FALSE,"none"
"NODE_2275_length_36_cov_24.6667",0,FALSE,"none"
"NODE_2276_length_36_cov_49.3333",0,FALSE,"none"
"NODE_2282_length_36_cov_1.33333",0,FALSE,"none"
"NODE_2283_length_36_cov_23.3333",0,FALSE,"none"
"NODE_2286_length_36_cov_59.6667",0,FALSE,"none"
"NODE_2296_length_36_cov_82.6667",0,FALSE,"none"
"NODE_2297_length_36_cov_31.6667",0,FALSE,"none"
"NODE_2299_length_36_cov_311.333",0,FALSE,"none"
"NODE_2307_length_36_cov_284",0,FALSE,"none"
"NODE_2319_length_36_cov_831.667",0,FALSE,"none"
"NODE_2322_length_35_cov_43.5",0,FALSE,"none"
"NODE_2325_length_35_cov_7.5",0,FALSE,"none"
"NODE_2326_length_35_cov_87",0,FALSE,"none"
"NODE_2333_length_35_cov_192",0,FALSE,"none"
"NODE_2335_length_35_cov_373",0,FALSE,"none"
"NODE_2342_length_35_cov_1432.5",0,FALSE,"none"
"NODE_2356_length_35_cov_99",0,FALSE,"none"
"NODE_2357_length_35_cov_279.5",0,FALSE,"none"
"NODE_2363_length_35_cov_69.5",0,FALSE,"none"
"NODE_2368_length_35_cov_678.5",0,FALSE,"none"
"NODE_2388_length_34_cov_140",0,FALSE,"none"
"NODE_2391_length_34_cov_119",0,FALSE,"none"
"NODE_2395_length_34_cov_251",0,FALSE,"none"
"NODE_2401_length_34_cov_57",0,FALSE,"none"
"NODE_2405_length_34_cov_710",0,FALSE,"none"
"NODE_2419_length_34_cov_120",0,FALSE,"none"
"NODE_2429_length_34_cov_753",0,FALSE,"none"
"NODE_2430_length_34_cov_1087",0,FALSE,"none"
"NODE_2452_length_34_cov_49",0,FALSE,"none"
"NODE_2457_length_34_cov_533",0,FALSE,"none"
